# Blender 4.5.4 LTS
# www.blender.org
mtllib model.mtl
o Parent
o Parent
v 0.000000 -0.220000 2.070000
v 0.005740 -0.218858 2.070000
v 0.010607 -0.215607 2.070000
v 0.013858 -0.210740 2.070000
v 0.015000 -0.205000 2.070000
v 0.013858 -0.199260 2.070000
v 0.010607 -0.194393 2.070000
v 0.005740 -0.191142 2.070000
v 0.000000 -0.190000 2.070000
v -0.005740 -0.191142 2.070000
v -0.010607 -0.194393 2.070000
v -0.013858 -0.199260 2.070000
v -0.015000 -0.205000 2.070000
v -0.013858 -0.210740 2.070000
v -0.010607 -0.215607 2.070000
v -0.005740 -0.218858 2.070000
v 0.000000 -0.220000 0.000000
v 0.005740 -0.218858 0.000000
v 0.010607 -0.215607 0.000000
v 0.013858 -0.210740 0.000000
v 0.015000 -0.205000 0.000000
v 0.013858 -0.199260 0.000000
v 0.010607 -0.194393 0.000000
v 0.005740 -0.191142 0.000000
v 0.000000 -0.190000 0.000000
v -0.005740 -0.191142 0.000000
v -0.010607 -0.194393 0.000000
v -0.013858 -0.199260 0.000000
v -0.015000 -0.205000 0.000000
v -0.013858 -0.210740 0.000000
v -0.010607 -0.215607 0.000000
v -0.005740 -0.218858 0.000000
vn 0.1951 -0.9808 -0.0000
vn 0.5556 -0.8315 -0.0000
vn 0.8315 -0.5556 -0.0000
vn 0.9808 -0.1951 -0.0000
vn 0.9808 0.1951 -0.0000
vn 0.8315 0.5556 -0.0000
vn 0.5556 0.8315 -0.0000
vn 0.1951 0.9808 -0.0000
vn -0.1951 0.9808 -0.0000
vn -0.5556 0.8315 -0.0000
vn -0.8315 0.5556 -0.0000
vn -0.9808 0.1951 -0.0000
vn -0.9808 -0.1951 -0.0000
vn -0.8315 -0.5556 -0.0000
vn -0.5556 -0.8315 -0.0000
vn -0.1951 -0.9808 -0.0000
s 0
usemtl 1_grid
f 1//1 17//1 18//1 2//1
f 2//2 18//2 19//2 3//2
f 3//3 19//3 20//3 4//3
f 4//4 20//4 21//4 5//4
f 5//5 21//5 22//5 6//5
f 6//6 22//6 23//6 7//6
f 7//7 23//7 24//7 8//7
f 8//8 24//8 25//8 9//8
f 9//9 25//9 26//9 10//9
f 10//10 26//10 27//10 11//10
f 11//11 27//11 28//11 12//11
f 12//12 28//12 29//12 13//12
f 13//13 29//13 30//13 14//13
f 14//14 30//14 31//14 15//14
f 15//15 31//15 32//15 16//15
f 16//16 32//16 17//16 1//16
o Parent
v 0.000000 -0.430000 2.070000
v 0.005740 -0.428858 2.070000
v 0.010607 -0.425607 2.070000
v 0.013858 -0.420740 2.070000
v 0.015000 -0.415000 2.070000
v 0.013858 -0.409260 2.070000
v 0.010607 -0.404393 2.070000
v 0.005740 -0.401142 2.070000
v 0.000000 -0.400000 2.070000
v -0.005740 -0.401142 2.070000
v -0.010607 -0.404393 2.070000
v -0.013858 -0.409260 2.070000
v -0.015000 -0.415000 2.070000
v -0.013858 -0.420740 2.070000
v -0.010607 -0.425607 2.070000
v -0.005740 -0.428858 2.070000
v 0.000000 -0.430000 0.000000
v 0.005740 -0.428858 0.000000
v 0.010607 -0.425607 0.000000
v 0.013858 -0.420740 0.000000
v 0.015000 -0.415000 0.000000
v 0.013858 -0.409260 0.000000
v 0.010607 -0.404393 0.000000
v 0.005740 -0.401142 0.000000
v 0.000000 -0.400000 0.000000
v -0.005740 -0.401142 0.000000
v -0.010607 -0.404393 0.000000
v -0.013858 -0.409260 0.000000
v -0.015000 -0.415000 0.000000
v -0.013858 -0.420740 0.000000
v -0.010607 -0.425607 0.000000
v -0.005740 -0.428858 0.000000
vn 0.1951 -0.9808 -0.0000
vn 0.5556 -0.8315 -0.0000
vn 0.8315 -0.5556 -0.0000
vn 0.9808 -0.1951 -0.0000
vn 0.9808 0.1951 -0.0000
vn 0.8315 0.5556 -0.0000
vn 0.5556 0.8315 -0.0000
vn 0.1951 0.9808 -0.0000
vn -0.1951 0.9808 -0.0000
vn -0.5556 0.8315 -0.0000
vn -0.8315 0.5556 -0.0000
vn -0.9808 0.1951 -0.0000
vn -0.9808 -0.1951 -0.0000
vn -0.8315 -0.5556 -0.0000
vn -0.5556 -0.8315 -0.0000
vn -0.1951 -0.9808 -0.0000
s 0
usemtl 1_grid
f 33//17 49//17 50//17 34//17
f 34//18 50//18 51//18 35//18
f 35//19 51//19 52//19 36//19
f 36//20 52//20 53//20 37//20
f 37//21 53//21 54//21 38//21
f 38//22 54//22 55//22 39//22
f 39//23 55//23 56//23 40//23
f 40//24 56//24 57//24 41//24
f 41//25 57//25 58//25 42//25
f 42//26 58//26 59//26 43//26
f 43//27 59//27 60//27 44//27
f 44//28 60//28 61//28 45//28
f 45//29 61//29 62//29 46//29
f 46//30 62//30 63//30 47//30
f 47//31 63//31 64//31 48//31
f 48//32 64//32 49//32 33//32
o Parent
v 0.000000 -0.640000 2.070000
v 0.005740 -0.638858 2.070000
v 0.010607 -0.635607 2.070000
v 0.013858 -0.630740 2.070000
v 0.015000 -0.625000 2.070000
v 0.013858 -0.619260 2.070000
v 0.010607 -0.614393 2.070000
v 0.005740 -0.611142 2.070000
v 0.000000 -0.610000 2.070000
v -0.005740 -0.611142 2.070000
v -0.010607 -0.614393 2.070000
v -0.013858 -0.619260 2.070000
v -0.015000 -0.625000 2.070000
v -0.013858 -0.630740 2.070000
v -0.010607 -0.635607 2.070000
v -0.005740 -0.638858 2.070000
v 0.000000 -0.640000 0.000000
v 0.005740 -0.638858 0.000000
v 0.010607 -0.635607 0.000000
v 0.013858 -0.630740 0.000000
v 0.015000 -0.625000 0.000000
v 0.013858 -0.619260 0.000000
v 0.010607 -0.614393 0.000000
v 0.005740 -0.611142 0.000000
v 0.000000 -0.610000 0.000000
v -0.005740 -0.611142 0.000000
v -0.010607 -0.614393 0.000000
v -0.013858 -0.619260 0.000000
v -0.015000 -0.625000 0.000000
v -0.013858 -0.630740 0.000000
v -0.010607 -0.635607 0.000000
v -0.005740 -0.638858 0.000000
vn 0.1951 -0.9808 -0.0000
vn 0.5556 -0.8315 -0.0000
vn 0.8315 -0.5556 -0.0000
vn 0.9808 -0.1951 -0.0000
vn 0.9808 0.1951 -0.0000
vn 0.8315 0.5556 -0.0000
vn 0.5556 0.8315 -0.0000
vn 0.1951 0.9808 -0.0000
vn -0.1951 0.9808 -0.0000
vn -0.5556 0.8315 -0.0000
vn -0.8315 0.5556 -0.0000
vn -0.9808 0.1951 -0.0000
vn -0.9808 -0.1951 -0.0000
vn -0.8315 -0.5556 -0.0000
vn -0.5556 -0.8315 -0.0000
vn -0.1951 -0.9808 -0.0000
s 0
usemtl 1_grid
f 65//33 81//33 82//33 66//33
f 66//34 82//34 83//34 67//34
f 67//35 83//35 84//35 68//35
f 68//36 84//36 85//36 69//36
f 69//37 85//37 86//37 70//37
f 70//38 86//38 87//38 71//38
f 71//39 87//39 88//39 72//39
f 72//40 88//40 89//40 73//40
f 73//41 89//41 90//41 74//41
f 74//42 90//42 91//42 75//42
f 75//43 91//43 92//43 76//43
f 76//44 92//44 93//44 77//44
f 77//45 93//45 94//45 78//45
f 78//46 94//46 95//46 79//46
f 79//47 95//47 96//47 80//47
f 80//48 96//48 81//48 65//48
o Parent
v 0.000000 -0.850000 2.070000
v 0.005740 -0.848858 2.070000
v 0.010607 -0.845607 2.070000
v 0.013858 -0.840740 2.070000
v 0.015000 -0.835000 2.070000
v 0.013858 -0.829260 2.070000
v 0.010607 -0.824393 2.070000
v 0.005740 -0.821142 2.070000
v 0.000000 -0.820000 2.070000
v -0.005740 -0.821142 2.070000
v -0.010607 -0.824393 2.070000
v -0.013858 -0.829260 2.070000
v -0.015000 -0.835000 2.070000
v -0.013858 -0.840740 2.070000
v -0.010607 -0.845607 2.070000
v -0.005740 -0.848858 2.070000
v 0.000000 -0.850000 0.000000
v 0.005740 -0.848858 0.000000
v 0.010607 -0.845607 0.000000
v 0.013858 -0.840740 0.000000
v 0.015000 -0.835000 0.000000
v 0.013858 -0.829260 0.000000
v 0.010607 -0.824393 0.000000
v 0.005740 -0.821142 0.000000
v 0.000000 -0.820000 0.000000
v -0.005740 -0.821142 0.000000
v -0.010607 -0.824393 0.000000
v -0.013858 -0.829260 0.000000
v -0.015000 -0.835000 0.000000
v -0.013858 -0.840740 0.000000
v -0.010607 -0.845607 0.000000
v -0.005740 -0.848858 0.000000
vn 0.1951 -0.9808 -0.0000
vn 0.5556 -0.8315 -0.0000
vn 0.8315 -0.5556 -0.0000
vn 0.9808 -0.1951 -0.0000
vn 0.9808 0.1951 -0.0000
vn 0.8315 0.5556 -0.0000
vn 0.5556 0.8315 -0.0000
vn 0.1951 0.9808 -0.0000
vn -0.1951 0.9808 -0.0000
vn -0.5556 0.8315 -0.0000
vn -0.8315 0.5556 -0.0000
vn -0.9808 0.1951 -0.0000
vn -0.9808 -0.1951 -0.0000
vn -0.8315 -0.5556 -0.0000
vn -0.5556 -0.8315 -0.0000
vn -0.1951 -0.9808 -0.0000
s 0
usemtl 1_grid
f 97//49 113//49 114//49 98//49
f 98//50 114//50 115//50 99//50
f 99//51 115//51 116//51 100//51
f 100//52 116//52 117//52 101//52
f 101//53 117//53 118//53 102//53
f 102//54 118//54 119//54 103//54
f 103//55 119//55 120//55 104//55
f 104//56 120//56 121//56 105//56
f 105//57 121//57 122//57 106//57
f 106//58 122//58 123//58 107//58
f 107//59 123//59 124//59 108//59
f 108//60 124//60 125//60 109//60
f 109//61 125//61 126//61 110//61
f 110//62 126//62 127//62 111//62
f 111//63 127//63 128//63 112//63
f 112//64 128//64 113//64 97//64
o Parent
v 0.000000 -1.060000 2.070000
v 0.005740 -1.058858 2.070000
v 0.010607 -1.055607 2.070000
v 0.013858 -1.050740 2.070000
v 0.015000 -1.045000 2.070000
v 0.013858 -1.039260 2.070000
v 0.010607 -1.034393 2.070000
v 0.005740 -1.031142 2.070000
v 0.000000 -1.030000 2.070000
v -0.005740 -1.031142 2.070000
v -0.010607 -1.034393 2.070000
v -0.013858 -1.039260 2.070000
v -0.015000 -1.045000 2.070000
v -0.013858 -1.050740 2.070000
v -0.010607 -1.055607 2.070000
v -0.005740 -1.058858 2.070000
v 0.000000 -1.060000 0.000000
v 0.005740 -1.058858 0.000000
v 0.010607 -1.055607 0.000000
v 0.013858 -1.050740 0.000000
v 0.015000 -1.045000 0.000000
v 0.013858 -1.039260 0.000000
v 0.010607 -1.034393 0.000000
v 0.005740 -1.031142 0.000000
v 0.000000 -1.030000 0.000000
v -0.005740 -1.031142 0.000000
v -0.010607 -1.034393 0.000000
v -0.013858 -1.039260 0.000000
v -0.015000 -1.045000 0.000000
v -0.013858 -1.050740 0.000000
v -0.010607 -1.055607 0.000000
v -0.005740 -1.058858 0.000000
vn 0.1951 -0.9808 -0.0000
vn 0.5556 -0.8315 -0.0000
vn 0.8315 -0.5556 -0.0000
vn 0.9808 -0.1951 -0.0000
vn 0.9808 0.1951 -0.0000
vn 0.8315 0.5556 -0.0000
vn 0.5556 0.8315 -0.0000
vn 0.1951 0.9808 -0.0000
vn -0.1951 0.9808 -0.0000
vn -0.5556 0.8315 -0.0000
vn -0.8315 0.5556 -0.0000
vn -0.9808 0.1951 -0.0000
vn -0.9808 -0.1951 -0.0000
vn -0.8315 -0.5556 -0.0000
vn -0.5556 -0.8315 -0.0000
vn -0.1951 -0.9808 -0.0000
s 0
usemtl 1_grid
f 129//65 145//65 146//65 130//65
f 130//66 146//66 147//66 131//66
f 131//67 147//67 148//67 132//67
f 132//68 148//68 149//68 133//68
f 133//69 149//69 150//69 134//69
f 134//70 150//70 151//70 135//70
f 135//71 151//71 152//71 136//71
f 136//72 152//72 153//72 137//72
f 137//73 153//73 154//73 138//73
f 138//74 154//74 155//74 139//74
f 139//75 155//75 156//75 140//75
f 140//76 156//76 157//76 141//76
f 141//77 157//77 158//77 142//77
f 142//78 158//78 159//78 143//78
f 143//79 159//79 160//79 144//79
f 144//80 160//80 145//80 129//80
o Parent
v 0.000000 -1.270000 2.070000
v 0.005740 -1.268858 2.070000
v 0.010607 -1.265607 2.070000
v 0.013858 -1.260740 2.070000
v 0.015000 -1.255000 2.070000
v 0.013858 -1.249260 2.070000
v 0.010607 -1.244393 2.070000
v 0.005740 -1.241142 2.070000
v 0.000000 -1.240000 2.070000
v -0.005740 -1.241142 2.070000
v -0.010607 -1.244393 2.070000
v -0.013858 -1.249260 2.070000
v -0.015000 -1.255000 2.070000
v -0.013858 -1.260740 2.070000
v -0.010607 -1.265607 2.070000
v -0.005740 -1.268858 2.070000
v 0.000000 -1.270000 0.000000
v 0.005740 -1.268858 0.000000
v 0.010607 -1.265607 0.000000
v 0.013858 -1.260740 0.000000
v 0.015000 -1.255000 0.000000
v 0.013858 -1.249260 0.000000
v 0.010607 -1.244393 0.000000
v 0.005740 -1.241142 0.000000
v 0.000000 -1.240000 0.000000
v -0.005740 -1.241142 0.000000
v -0.010607 -1.244393 0.000000
v -0.013858 -1.249260 0.000000
v -0.015000 -1.255000 0.000000
v -0.013858 -1.260740 0.000000
v -0.010607 -1.265607 0.000000
v -0.005740 -1.268858 0.000000
vn 0.1951 -0.9808 -0.0000
vn 0.5556 -0.8315 -0.0000
vn 0.8315 -0.5556 -0.0000
vn 0.9808 -0.1951 -0.0000
vn 0.9808 0.1951 -0.0000
vn 0.8315 0.5556 -0.0000
vn 0.5556 0.8315 -0.0000
vn 0.1951 0.9808 -0.0000
vn -0.1951 0.9808 -0.0000
vn -0.5556 0.8315 -0.0000
vn -0.8315 0.5556 -0.0000
vn -0.9808 0.1951 -0.0000
vn -0.9808 -0.1951 -0.0000
vn -0.8315 -0.5556 -0.0000
vn -0.5556 -0.8315 -0.0000
vn -0.1951 -0.9808 -0.0000
s 0
usemtl 1_grid
f 161//81 177//81 178//81 162//81
f 162//82 178//82 179//82 163//82
f 163//83 179//83 180//83 164//83
f 164//84 180//84 181//84 165//84
f 165//85 181//85 182//85 166//85
f 166//86 182//86 183//86 167//86
f 167//87 183//87 184//87 168//87
f 168//88 184//88 185//88 169//88
f 169//89 185//89 186//89 170//89
f 170//90 186//90 187//90 171//90
f 171//91 187//91 188//91 172//91
f 172//92 188//92 189//92 173//92
f 173//93 189//93 190//93 174//93
f 174//94 190//94 191//94 175//94
f 175//95 191//95 192//95 176//95
f 176//96 192//96 177//96 161//96
o Parent
v 0.000000 -1.480000 2.070000
v 0.005740 -1.478858 2.070000
v 0.010607 -1.475607 2.070000
v 0.013858 -1.470740 2.070000
v 0.015000 -1.465000 2.070000
v 0.013858 -1.459260 2.070000
v 0.010607 -1.454393 2.070000
v 0.005740 -1.451142 2.070000
v 0.000000 -1.450000 2.070000
v -0.005740 -1.451142 2.070000
v -0.010607 -1.454393 2.070000
v -0.013858 -1.459260 2.070000
v -0.015000 -1.465000 2.070000
v -0.013858 -1.470740 2.070000
v -0.010607 -1.475607 2.070000
v -0.005740 -1.478858 2.070000
v 0.000000 -1.480000 0.000000
v 0.005740 -1.478858 0.000000
v 0.010607 -1.475607 0.000000
v 0.013858 -1.470740 0.000000
v 0.015000 -1.465000 0.000000
v 0.013858 -1.459260 0.000000
v 0.010607 -1.454393 0.000000
v 0.005740 -1.451142 0.000000
v 0.000000 -1.450000 0.000000
v -0.005740 -1.451142 0.000000
v -0.010607 -1.454393 0.000000
v -0.013858 -1.459260 0.000000
v -0.015000 -1.465000 0.000000
v -0.013858 -1.470740 0.000000
v -0.010607 -1.475607 0.000000
v -0.005740 -1.478858 0.000000
vn 0.1951 -0.9808 -0.0000
vn 0.5556 -0.8315 -0.0000
vn 0.8315 -0.5556 -0.0000
vn 0.9808 -0.1951 -0.0000
vn 0.9808 0.1951 -0.0000
vn 0.8315 0.5556 -0.0000
vn 0.5556 0.8315 -0.0000
vn 0.1951 0.9808 -0.0000
vn -0.1951 0.9808 -0.0000
vn -0.5556 0.8315 -0.0000
vn -0.8315 0.5556 -0.0000
vn -0.9808 0.1951 -0.0000
vn -0.9808 -0.1951 -0.0000
vn -0.8315 -0.5556 -0.0000
vn -0.5556 -0.8315 -0.0000
vn -0.1951 -0.9808 -0.0000
s 0
usemtl 1_grid
f 193//97 209//97 210//97 194//97
f 194//98 210//98 211//98 195//98
f 195//99 211//99 212//99 196//99
f 196//100 212//100 213//100 197//100
f 197//101 213//101 214//101 198//101
f 198//102 214//102 215//102 199//102
f 199//103 215//103 216//103 200//103
f 200//104 216//104 217//104 201//104
f 201//105 217//105 218//105 202//105
f 202//106 218//106 219//106 203//106
f 203//107 219//107 220//107 204//107
f 204//108 220//108 221//108 205//108
f 205//109 221//109 222//109 206//109
f 206//110 222//110 223//110 207//110
f 207//111 223//111 224//111 208//111
f 208//112 224//112 209//112 193//112
o Parent
v 0.000000 -1.690000 2.070000
v 0.005740 -1.688858 2.070000
v 0.010607 -1.685607 2.070000
v 0.013858 -1.680740 2.070000
v 0.015000 -1.675000 2.070000
v 0.013858 -1.669260 2.070000
v 0.010607 -1.664393 2.070000
v 0.005740 -1.661142 2.070000
v 0.000000 -1.660000 2.070000
v -0.005740 -1.661142 2.070000
v -0.010607 -1.664393 2.070000
v -0.013858 -1.669260 2.070000
v -0.015000 -1.675000 2.070000
v -0.013858 -1.680740 2.070000
v -0.010607 -1.685607 2.070000
v -0.005740 -1.688858 2.070000
v 0.000000 -1.690000 0.000000
v 0.005740 -1.688858 0.000000
v 0.010607 -1.685607 0.000000
v 0.013858 -1.680740 0.000000
v 0.015000 -1.675000 0.000000
v 0.013858 -1.669260 0.000000
v 0.010607 -1.664393 0.000000
v 0.005740 -1.661142 0.000000
v 0.000000 -1.660000 0.000000
v -0.005740 -1.661142 0.000000
v -0.010607 -1.664393 0.000000
v -0.013858 -1.669260 0.000000
v -0.015000 -1.675000 0.000000
v -0.013858 -1.680740 0.000000
v -0.010607 -1.685607 0.000000
v -0.005740 -1.688858 0.000000
vn 0.1951 -0.9808 -0.0000
vn 0.5556 -0.8315 -0.0000
vn 0.8315 -0.5556 -0.0000
vn 0.9808 -0.1951 -0.0000
vn 0.9808 0.1951 -0.0000
vn 0.8315 0.5556 -0.0000
vn 0.5556 0.8315 -0.0000
vn 0.1951 0.9808 -0.0000
vn -0.1951 0.9808 -0.0000
vn -0.5556 0.8315 -0.0000
vn -0.8315 0.5556 -0.0000
vn -0.9808 0.1951 -0.0000
vn -0.9808 -0.1951 -0.0000
vn -0.8315 -0.5556 -0.0000
vn -0.5556 -0.8315 -0.0000
vn -0.1951 -0.9808 -0.0000
s 0
usemtl 1_grid
f 225//113 241//113 242//113 226//113
f 226//114 242//114 243//114 227//114
f 227//115 243//115 244//115 228//115
f 228//116 244//116 245//116 229//116
f 229//117 245//117 246//117 230//117
f 230//118 246//118 247//118 231//118
f 231//119 247//119 248//119 232//119
f 232//120 248//120 249//120 233//120
f 233//121 249//121 250//121 234//121
f 234//122 250//122 251//122 235//122
f 235//123 251//123 252//123 236//123
f 236//124 252//124 253//124 237//124
f 237//125 253//125 254//125 238//125
f 238//126 254//126 255//126 239//126
f 239//127 255//127 256//127 240//127
f 240//128 256//128 241//128 225//128
o Parent
v 0.000000 -1.900000 2.070000
v 0.005740 -1.898858 2.070000
v 0.010607 -1.895607 2.070000
v 0.013858 -1.890740 2.070000
v 0.015000 -1.885000 2.070000
v 0.013858 -1.879260 2.070000
v 0.010607 -1.874393 2.070000
v 0.005740 -1.871142 2.070000
v 0.000000 -1.870000 2.070000
v -0.005740 -1.871142 2.070000
v -0.010607 -1.874393 2.070000
v -0.013858 -1.879260 2.070000
v -0.015000 -1.885000 2.070000
v -0.013858 -1.890740 2.070000
v -0.010607 -1.895607 2.070000
v -0.005740 -1.898858 2.070000
v 0.000000 -1.900000 0.000000
v 0.005740 -1.898858 0.000000
v 0.010607 -1.895607 0.000000
v 0.013858 -1.890740 0.000000
v 0.015000 -1.885000 0.000000
v 0.013858 -1.879260 0.000000
v 0.010607 -1.874393 0.000000
v 0.005740 -1.871142 0.000000
v 0.000000 -1.870000 0.000000
v -0.005740 -1.871142 0.000000
v -0.010607 -1.874393 0.000000
v -0.013858 -1.879260 0.000000
v -0.015000 -1.885000 0.000000
v -0.013858 -1.890740 0.000000
v -0.010607 -1.895607 0.000000
v -0.005740 -1.898858 0.000000
vn 0.1951 -0.9808 -0.0000
vn 0.5556 -0.8315 -0.0000
vn 0.8315 -0.5556 -0.0000
vn 0.9808 -0.1951 -0.0000
vn 0.9808 0.1951 -0.0000
vn 0.8315 0.5556 -0.0000
vn 0.5556 0.8315 -0.0000
vn 0.1951 0.9808 -0.0000
vn -0.1951 0.9808 -0.0000
vn -0.5556 0.8315 -0.0000
vn -0.8315 0.5556 -0.0000
vn -0.9808 0.1951 -0.0000
vn -0.9808 -0.1951 -0.0000
vn -0.8315 -0.5556 -0.0000
vn -0.5556 -0.8315 -0.0000
vn -0.1951 -0.9808 -0.0000
s 0
usemtl 1_grid
f 257//129 273//129 274//129 258//129
f 258//130 274//130 275//130 259//130
f 259//131 275//131 276//131 260//131
f 260//132 276//132 277//132 261//132
f 261//133 277//133 278//133 262//133
f 262//134 278//134 279//134 263//134
f 263//135 279//135 280//135 264//135
f 264//136 280//136 281//136 265//136
f 265//137 281//137 282//137 266//137
f 266//138 282//138 283//138 267//138
f 267//139 283//139 284//139 268//139
f 268//140 284//140 285//140 269//140
f 269//141 285//141 286//141 270//141
f 270//142 286//142 287//142 271//142
f 271//143 287//143 288//143 272//143
f 272//144 288//144 273//144 257//144
o Parent
v 0.000000 -2.110000 2.070000
v 0.005740 -2.108858 2.070000
v 0.010607 -2.105607 2.070000
v 0.013858 -2.100740 2.070000
v 0.015000 -2.095000 2.070000
v 0.013858 -2.089260 2.070000
v 0.010607 -2.084394 2.070000
v 0.005740 -2.081142 2.070000
v 0.000000 -2.080000 2.070000
v -0.005740 -2.081142 2.070000
v -0.010607 -2.084394 2.070000
v -0.013858 -2.089260 2.070000
v -0.015000 -2.095000 2.070000
v -0.013858 -2.100740 2.070000
v -0.010607 -2.105607 2.070000
v -0.005740 -2.108858 2.070000
v 0.000000 -2.110000 0.000000
v 0.005740 -2.108858 0.000000
v 0.010607 -2.105607 0.000000
v 0.013858 -2.100740 0.000000
v 0.015000 -2.095000 0.000000
v 0.013858 -2.089260 0.000000
v 0.010607 -2.084394 0.000000
v 0.005740 -2.081142 0.000000
v 0.000000 -2.080000 0.000000
v -0.005740 -2.081142 0.000000
v -0.010607 -2.084394 0.000000
v -0.013858 -2.089260 0.000000
v -0.015000 -2.095000 0.000000
v -0.013858 -2.100740 0.000000
v -0.010607 -2.105607 0.000000
v -0.005740 -2.108858 0.000000
vn 0.1951 -0.9808 -0.0000
vn 0.5556 -0.8315 -0.0000
vn 0.8315 -0.5556 -0.0000
vn 0.9808 -0.1951 -0.0000
vn 0.9808 0.1951 -0.0000
vn 0.8315 0.5556 -0.0000
vn 0.5556 0.8315 -0.0000
vn 0.1951 0.9808 -0.0000
vn -0.1951 0.9808 -0.0000
vn -0.5556 0.8315 -0.0000
vn -0.8315 0.5556 -0.0000
vn -0.9808 0.1951 -0.0000
vn -0.9808 -0.1951 -0.0000
vn -0.8315 -0.5556 -0.0000
vn -0.5556 -0.8315 -0.0000
vn -0.1951 -0.9808 -0.0000
s 0
usemtl 1_grid
f 289//145 305//145 306//145 290//145
f 290//146 306//146 307//146 291//146
f 291//147 307//147 308//147 292//147
f 292//148 308//148 309//148 293//148
f 293//149 309//149 310//149 294//149
f 294//150 310//150 311//150 295//150
f 295//151 311//151 312//151 296//151
f 296//152 312//152 313//152 297//152
f 297//153 313//153 314//153 298//153
f 298//154 314//154 315//154 299//154
f 299//155 315//155 316//155 300//155
f 300//156 316//156 317//156 301//156
f 301//157 317//157 318//157 302//157
f 302//158 318//158 319//158 303//158
f 303//159 319//159 320//159 304//159
f 304//160 320//160 305//160 289//160
o Parent
v 0.000000 -2.320000 2.070000
v 0.005740 -2.318858 2.070000
v 0.010607 -2.315606 2.070000
v 0.013858 -2.310740 2.070000
v 0.015000 -2.305000 2.070000
v 0.013858 -2.299260 2.070000
v 0.010607 -2.294393 2.070000
v 0.005740 -2.291142 2.070000
v 0.000000 -2.290000 2.070000
v -0.005740 -2.291142 2.070000
v -0.010607 -2.294393 2.070000
v -0.013858 -2.299260 2.070000
v -0.015000 -2.305000 2.070000
v -0.013858 -2.310740 2.070000
v -0.010607 -2.315606 2.070000
v -0.005740 -2.318858 2.070000
v 0.000000 -2.320000 0.000000
v 0.005740 -2.318858 0.000000
v 0.010607 -2.315606 0.000000
v 0.013858 -2.310740 0.000000
v 0.015000 -2.305000 0.000000
v 0.013858 -2.299260 0.000000
v 0.010607 -2.294393 0.000000
v 0.005740 -2.291142 0.000000
v 0.000000 -2.290000 0.000000
v -0.005740 -2.291142 0.000000
v -0.010607 -2.294393 0.000000
v -0.013858 -2.299260 0.000000
v -0.015000 -2.305000 0.000000
v -0.013858 -2.310740 0.000000
v -0.010607 -2.315606 0.000000
v -0.005740 -2.318858 0.000000
vn 0.1951 -0.9808 -0.0000
vn 0.5556 -0.8315 -0.0000
vn 0.8315 -0.5556 -0.0000
vn 0.9808 -0.1951 -0.0000
vn 0.9808 0.1951 -0.0000
vn 0.8315 0.5556 -0.0000
vn 0.5556 0.8315 -0.0000
vn 0.1951 0.9808 -0.0000
vn -0.1951 0.9808 -0.0000
vn -0.5556 0.8315 -0.0000
vn -0.8315 0.5556 -0.0000
vn -0.9808 0.1951 -0.0000
vn -0.9808 -0.1951 -0.0000
vn -0.8315 -0.5556 -0.0000
vn -0.5556 -0.8315 -0.0000
vn -0.1951 -0.9808 -0.0000
s 0
usemtl 1_grid
f 321//161 337//161 338//161 322//161
f 322//162 338//162 339//162 323//162
f 323//163 339//163 340//163 324//163
f 324//164 340//164 341//164 325//164
f 325//165 341//165 342//165 326//165
f 326//166 342//166 343//166 327//166
f 327//167 343//167 344//167 328//167
f 328//168 344//168 345//168 329//168
f 329//169 345//169 346//169 330//169
f 330//170 346//170 347//170 331//170
f 331//171 347//171 348//171 332//171
f 332//172 348//172 349//172 333//172
f 333//173 349//173 350//173 334//173
f 334//174 350//174 351//174 335//174
f 335//175 351//175 352//175 336//175
f 336//176 352//176 337//176 321//176
o Parent
v 0.000000 -2.530000 2.070000
v 0.005740 -2.528858 2.070000
v 0.010607 -2.525606 2.070000
v 0.013858 -2.520740 2.070000
v 0.015000 -2.515000 2.070000
v 0.013858 -2.509260 2.070000
v 0.010607 -2.504393 2.070000
v 0.005740 -2.501142 2.070000
v 0.000000 -2.500000 2.070000
v -0.005740 -2.501142 2.070000
v -0.010607 -2.504393 2.070000
v -0.013858 -2.509260 2.070000
v -0.015000 -2.515000 2.070000
v -0.013858 -2.520740 2.070000
v -0.010607 -2.525606 2.070000
v -0.005740 -2.528858 2.070000
v 0.000000 -2.530000 0.000000
v 0.005740 -2.528858 0.000000
v 0.010607 -2.525606 0.000000
v 0.013858 -2.520740 0.000000
v 0.015000 -2.515000 0.000000
v 0.013858 -2.509260 0.000000
v 0.010607 -2.504393 0.000000
v 0.005740 -2.501142 0.000000
v 0.000000 -2.500000 0.000000
v -0.005740 -2.501142 0.000000
v -0.010607 -2.504393 0.000000
v -0.013858 -2.509260 0.000000
v -0.015000 -2.515000 0.000000
v -0.013858 -2.520740 0.000000
v -0.010607 -2.525606 0.000000
v -0.005740 -2.528858 0.000000
vn 0.1951 -0.9808 -0.0000
vn 0.5556 -0.8315 -0.0000
vn 0.8315 -0.5556 -0.0000
vn 0.9808 -0.1951 -0.0000
vn 0.9808 0.1951 -0.0000
vn 0.8315 0.5556 -0.0000
vn 0.5556 0.8315 -0.0000
vn 0.1951 0.9808 -0.0000
vn -0.1951 0.9808 -0.0000
vn -0.5556 0.8315 -0.0000
vn -0.8315 0.5556 -0.0000
vn -0.9808 0.1951 -0.0000
vn -0.9808 -0.1951 -0.0000
vn -0.8315 -0.5556 -0.0000
vn -0.5556 -0.8315 -0.0000
vn -0.1951 -0.9808 -0.0000
s 0
usemtl 1_grid
f 353//177 369//177 370//177 354//177
f 354//178 370//178 371//178 355//178
f 355//179 371//179 372//179 356//179
f 356//180 372//180 373//180 357//180
f 357//181 373//181 374//181 358//181
f 358//182 374//182 375//182 359//182
f 359//183 375//183 376//183 360//183
f 360//184 376//184 377//184 361//184
f 361//185 377//185 378//185 362//185
f 362//186 378//186 379//186 363//186
f 363//187 379//187 380//187 364//187
f 364//188 380//188 381//188 365//188
f 365//189 381//189 382//189 366//189
f 366//190 382//190 383//190 367//190
f 367//191 383//191 384//191 368//191
f 368//192 384//192 369//192 353//192
o Parent
v 0.000000 -2.740000 2.070000
v 0.005740 -2.738858 2.070000
v 0.010607 -2.735606 2.070000
v 0.013858 -2.730740 2.070000
v 0.015000 -2.725000 2.070000
v 0.013858 -2.719260 2.070000
v 0.010607 -2.714393 2.070000
v 0.005740 -2.711142 2.070000
v 0.000000 -2.710000 2.070000
v -0.005740 -2.711142 2.070000
v -0.010607 -2.714393 2.070000
v -0.013858 -2.719260 2.070000
v -0.015000 -2.725000 2.070000
v -0.013858 -2.730740 2.070000
v -0.010607 -2.735606 2.070000
v -0.005740 -2.738858 2.070000
v 0.000000 -2.740000 0.000000
v 0.005740 -2.738858 0.000000
v 0.010607 -2.735606 0.000000
v 0.013858 -2.730740 0.000000
v 0.015000 -2.725000 0.000000
v 0.013858 -2.719260 0.000000
v 0.010607 -2.714393 0.000000
v 0.005740 -2.711142 0.000000
v 0.000000 -2.710000 0.000000
v -0.005740 -2.711142 0.000000
v -0.010607 -2.714393 0.000000
v -0.013858 -2.719260 0.000000
v -0.015000 -2.725000 0.000000
v -0.013858 -2.730740 0.000000
v -0.010607 -2.735606 0.000000
v -0.005740 -2.738858 0.000000
vn 0.1951 -0.9808 -0.0000
vn 0.5556 -0.8315 -0.0000
vn 0.8315 -0.5556 -0.0000
vn 0.9808 -0.1951 -0.0000
vn 0.9808 0.1951 -0.0000
vn 0.8315 0.5556 -0.0000
vn 0.5556 0.8315 -0.0000
vn 0.1951 0.9808 -0.0000
vn -0.1951 0.9808 -0.0000
vn -0.5556 0.8315 -0.0000
vn -0.8315 0.5556 -0.0000
vn -0.9808 0.1951 -0.0000
vn -0.9808 -0.1951 -0.0000
vn -0.8315 -0.5556 -0.0000
vn -0.5556 -0.8315 -0.0000
vn -0.1951 -0.9808 -0.0000
s 0
usemtl 1_grid
f 385//193 401//193 402//193 386//193
f 386//194 402//194 403//194 387//194
f 387//195 403//195 404//195 388//195
f 388//196 404//196 405//196 389//196
f 389//197 405//197 406//197 390//197
f 390//198 406//198 407//198 391//198
f 391//199 407//199 408//199 392//199
f 392//200 408//200 409//200 393//200
f 393//201 409//201 410//201 394//201
f 394//202 410//202 411//202 395//202
f 395//203 411//203 412//203 396//203
f 396//204 412//204 413//204 397//204
f 397//205 413//205 414//205 398//205
f 398//206 414//206 415//206 399//206
f 399//207 415//207 416//207 400//207
f 400//208 416//208 401//208 385//208
o Parent
v 0.000000 -2.950000 2.070000
v 0.005740 -2.948858 2.070000
v 0.010607 -2.945606 2.070000
v 0.013858 -2.940740 2.070000
v 0.015000 -2.935000 2.070000
v 0.013858 -2.929260 2.070000
v 0.010607 -2.924393 2.070000
v 0.005740 -2.921142 2.070000
v 0.000000 -2.920000 2.070000
v -0.005740 -2.921142 2.070000
v -0.010607 -2.924393 2.070000
v -0.013858 -2.929260 2.070000
v -0.015000 -2.935000 2.070000
v -0.013858 -2.940740 2.070000
v -0.010607 -2.945606 2.070000
v -0.005740 -2.948858 2.070000
v 0.000000 -2.950000 0.000000
v 0.005740 -2.948858 0.000000
v 0.010607 -2.945606 0.000000
v 0.013858 -2.940740 0.000000
v 0.015000 -2.935000 0.000000
v 0.013858 -2.929260 0.000000
v 0.010607 -2.924393 0.000000
v 0.005740 -2.921142 0.000000
v 0.000000 -2.920000 0.000000
v -0.005740 -2.921142 0.000000
v -0.010607 -2.924393 0.000000
v -0.013858 -2.929260 0.000000
v -0.015000 -2.935000 0.000000
v -0.013858 -2.940740 0.000000
v -0.010607 -2.945606 0.000000
v -0.005740 -2.948858 0.000000
vn 0.1951 -0.9808 -0.0000
vn 0.5556 -0.8315 -0.0000
vn 0.8315 -0.5556 -0.0000
vn 0.9808 -0.1951 -0.0000
vn 0.9808 0.1951 -0.0000
vn 0.8315 0.5556 -0.0000
vn 0.5556 0.8315 -0.0000
vn 0.1951 0.9808 -0.0000
vn -0.1951 0.9808 -0.0000
vn -0.5556 0.8315 -0.0000
vn -0.8315 0.5556 -0.0000
vn -0.9808 0.1951 -0.0000
vn -0.9808 -0.1951 -0.0000
vn -0.8315 -0.5556 -0.0000
vn -0.5556 -0.8315 -0.0000
vn -0.1951 -0.9808 -0.0000
s 0
usemtl 1_grid
f 417//209 433//209 434//209 418//209
f 418//210 434//210 435//210 419//210
f 419//211 435//211 436//211 420//211
f 420//212 436//212 437//212 421//212
f 421//213 437//213 438//213 422//213
f 422//214 438//214 439//214 423//214
f 423//215 439//215 440//215 424//215
f 424//216 440//216 441//216 425//216
f 425//217 441//217 442//217 426//217
f 426//218 442//218 443//218 427//218
f 427//219 443//219 444//219 428//219
f 428//220 444//220 445//220 429//220
f 429//221 445//221 446//221 430//221
f 430//222 446//222 447//222 431//222
f 431//223 447//223 448//223 432//223
f 432//224 448//224 433//224 417//224
o Parent
v 0.015000 -3.100000 0.010000
v 0.018827 -3.100000 0.010761
v 0.022071 -3.100000 0.012929
v 0.024239 -3.100000 0.016173
v 0.025000 -3.100000 0.020000
v 0.024239 -3.100000 0.023827
v 0.022071 -3.100000 0.027071
v 0.018827 -3.100000 0.029239
v 0.015000 -3.100000 0.030000
v 0.011173 -3.100000 0.029239
v 0.007929 -3.100000 0.027071
v 0.005761 -3.100000 0.023827
v 0.005000 -3.100000 0.020000
v 0.005761 -3.100000 0.016173
v 0.007929 -3.100000 0.012929
v 0.011173 -3.100000 0.010761
v 0.015000 -0.100000 0.010000
v 0.018827 -0.100000 0.010761
v 0.022071 -0.100000 0.012929
v 0.024239 -0.100000 0.016173
v 0.025000 -0.100000 0.020000
v 0.024239 -0.100000 0.023827
v 0.022071 -0.100000 0.027071
v 0.018827 -0.100000 0.029239
v 0.015000 -0.100000 0.030000
v 0.011173 -0.100000 0.029239
v 0.007929 -0.100000 0.027071
v 0.005761 -0.100000 0.023827
v 0.005000 -0.100000 0.020000
v 0.005761 -0.100000 0.016173
v 0.007929 -0.100000 0.012929
v 0.011173 -0.100000 0.010761
vn 0.1951 -0.0000 -0.9808
vn 0.5556 -0.0000 -0.8315
vn 0.8315 -0.0000 -0.5556
vn 0.9808 -0.0000 -0.1951
vn 0.9808 -0.0000 0.1951
vn 0.8315 -0.0000 0.5556
vn 0.5556 -0.0000 0.8315
vn 0.1951 -0.0000 0.9808
vn -0.1951 -0.0000 0.9808
vn -0.5556 -0.0000 0.8315
vn -0.8315 -0.0000 0.5556
vn -0.9808 -0.0000 0.1951
vn -0.9808 -0.0000 -0.1951
vn -0.8315 -0.0000 -0.5556
vn -0.5556 -0.0000 -0.8315
vn -0.1951 -0.0000 -0.9808
s 0
usemtl 1_grid
f 449//225 465//225 466//225 450//225
f 450//226 466//226 467//226 451//226
f 451//227 467//227 468//227 452//227
f 452//228 468//228 469//228 453//228
f 453//229 469//229 470//229 454//229
f 454//230 470//230 471//230 455//230
f 455//231 471//231 472//231 456//231
f 456//232 472//232 473//232 457//232
f 457//233 473//233 474//233 458//233
f 458//234 474//234 475//234 459//234
f 459//235 475//235 476//235 460//235
f 460//236 476//236 477//236 461//236
f 461//237 477//237 478//237 462//237
f 462//238 478//238 479//238 463//238
f 463//239 479//239 480//239 464//239
f 464//240 480//240 465//240 449//240
o Parent
v 0.015000 -3.100000 0.050000
v 0.018827 -3.100000 0.050761
v 0.022071 -3.100000 0.052929
v 0.024239 -3.100000 0.056173
v 0.025000 -3.100000 0.060000
v 0.024239 -3.100000 0.063827
v 0.022071 -3.100000 0.067071
v 0.018827 -3.100000 0.069239
v 0.015000 -3.100000 0.070000
v 0.011173 -3.100000 0.069239
v 0.007929 -3.100000 0.067071
v 0.005761 -3.100000 0.063827
v 0.005000 -3.100000 0.060000
v 0.005761 -3.100000 0.056173
v 0.007929 -3.100000 0.052929
v 0.011173 -3.100000 0.050761
v 0.015000 -0.100000 0.050000
v 0.018827 -0.100000 0.050761
v 0.022071 -0.100000 0.052929
v 0.024239 -0.100000 0.056173
v 0.025000 -0.100000 0.060000
v 0.024239 -0.100000 0.063827
v 0.022071 -0.100000 0.067071
v 0.018827 -0.100000 0.069239
v 0.015000 -0.100000 0.070000
v 0.011173 -0.100000 0.069239
v 0.007929 -0.100000 0.067071
v 0.005761 -0.100000 0.063827
v 0.005000 -0.100000 0.060000
v 0.005761 -0.100000 0.056173
v 0.007929 -0.100000 0.052929
v 0.011173 -0.100000 0.050761
vn 0.1951 -0.0000 -0.9808
vn 0.5556 -0.0000 -0.8315
vn 0.8315 -0.0000 -0.5556
vn 0.9808 -0.0000 -0.1951
vn 0.9808 -0.0000 0.1951
vn 0.8315 -0.0000 0.5556
vn 0.5556 -0.0000 0.8315
vn 0.1951 -0.0000 0.9808
vn -0.1951 -0.0000 0.9808
vn -0.5556 -0.0000 0.8315
vn -0.8315 -0.0000 0.5556
vn -0.9808 -0.0000 0.1951
vn -0.9808 -0.0000 -0.1951
vn -0.8315 -0.0000 -0.5556
vn -0.5556 -0.0000 -0.8315
vn -0.1951 -0.0000 -0.9808
s 0
usemtl 1_grid
f 481//241 497//241 498//241 482//241
f 482//242 498//242 499//242 483//242
f 483//243 499//243 500//243 484//243
f 484//244 500//244 501//244 485//244
f 485//245 501//245 502//245 486//245
f 486//246 502//246 503//246 487//246
f 487//247 503//247 504//247 488//247
f 488//248 504//248 505//248 489//248
f 489//249 505//249 506//249 490//249
f 490//250 506//250 507//250 491//250
f 491//251 507//251 508//251 492//251
f 492//252 508//252 509//252 493//252
f 493//253 509//253 510//253 494//253
f 494//254 510//254 511//254 495//254
f 495//255 511//255 512//255 496//255
f 496//256 512//256 497//256 481//256
o Parent
v 0.015000 -3.100000 0.090000
v 0.018827 -3.100000 0.090761
v 0.022071 -3.100000 0.092929
v 0.024239 -3.100000 0.096173
v 0.025000 -3.100000 0.100000
v 0.024239 -3.100000 0.103827
v 0.022071 -3.100000 0.107071
v 0.018827 -3.100000 0.109239
v 0.015000 -3.100000 0.110000
v 0.011173 -3.100000 0.109239
v 0.007929 -3.100000 0.107071
v 0.005761 -3.100000 0.103827
v 0.005000 -3.100000 0.100000
v 0.005761 -3.100000 0.096173
v 0.007929 -3.100000 0.092929
v 0.011173 -3.100000 0.090761
v 0.015000 -0.100000 0.090000
v 0.018827 -0.100000 0.090761
v 0.022071 -0.100000 0.092929
v 0.024239 -0.100000 0.096173
v 0.025000 -0.100000 0.100000
v 0.024239 -0.100000 0.103827
v 0.022071 -0.100000 0.107071
v 0.018827 -0.100000 0.109239
v 0.015000 -0.100000 0.110000
v 0.011173 -0.100000 0.109239
v 0.007929 -0.100000 0.107071
v 0.005761 -0.100000 0.103827
v 0.005000 -0.100000 0.100000
v 0.005761 -0.100000 0.096173
v 0.007929 -0.100000 0.092929
v 0.011173 -0.100000 0.090761
vn 0.1951 -0.0000 -0.9808
vn 0.5556 -0.0000 -0.8315
vn 0.8315 -0.0000 -0.5556
vn 0.9808 -0.0000 -0.1951
vn 0.9808 -0.0000 0.1951
vn 0.8315 -0.0000 0.5556
vn 0.5556 -0.0000 0.8315
vn 0.1951 -0.0000 0.9808
vn -0.1951 -0.0000 0.9808
vn -0.5556 -0.0000 0.8315
vn -0.8315 -0.0000 0.5556
vn -0.9808 -0.0000 0.1951
vn -0.9808 -0.0000 -0.1951
vn -0.8315 -0.0000 -0.5556
vn -0.5556 -0.0000 -0.8315
vn -0.1951 -0.0000 -0.9808
s 0
usemtl 1_grid
f 513//257 529//257 530//257 514//257
f 514//258 530//258 531//258 515//258
f 515//259 531//259 532//259 516//259
f 516//260 532//260 533//260 517//260
f 517//261 533//261 534//261 518//261
f 518//262 534//262 535//262 519//262
f 519//263 535//263 536//263 520//263
f 520//264 536//264 537//264 521//264
f 521//265 537//265 538//265 522//265
f 522//266 538//266 539//266 523//266
f 523//267 539//267 540//267 524//267
f 524//268 540//268 541//268 525//268
f 525//269 541//269 542//269 526//269
f 526//270 542//270 543//270 527//270
f 527//271 543//271 544//271 528//271
f 528//272 544//272 529//272 513//272
o Parent
v 0.015000 -3.100000 0.130000
v 0.018827 -3.100000 0.130761
v 0.022071 -3.100000 0.132929
v 0.024239 -3.100000 0.136173
v 0.025000 -3.100000 0.140000
v 0.024239 -3.100000 0.143827
v 0.022071 -3.100000 0.147071
v 0.018827 -3.100000 0.149239
v 0.015000 -3.100000 0.150000
v 0.011173 -3.100000 0.149239
v 0.007929 -3.100000 0.147071
v 0.005761 -3.100000 0.143827
v 0.005000 -3.100000 0.140000
v 0.005761 -3.100000 0.136173
v 0.007929 -3.100000 0.132929
v 0.011173 -3.100000 0.130761
v 0.015000 -0.100000 0.130000
v 0.018827 -0.100000 0.130761
v 0.022071 -0.100000 0.132929
v 0.024239 -0.100000 0.136173
v 0.025000 -0.100000 0.140000
v 0.024239 -0.100000 0.143827
v 0.022071 -0.100000 0.147071
v 0.018827 -0.100000 0.149239
v 0.015000 -0.100000 0.150000
v 0.011173 -0.100000 0.149239
v 0.007929 -0.100000 0.147071
v 0.005761 -0.100000 0.143827
v 0.005000 -0.100000 0.140000
v 0.005761 -0.100000 0.136173
v 0.007929 -0.100000 0.132929
v 0.011173 -0.100000 0.130761
vn 0.1951 -0.0000 -0.9808
vn 0.5556 -0.0000 -0.8315
vn 0.8315 -0.0000 -0.5556
vn 0.9808 -0.0000 -0.1951
vn 0.9808 -0.0000 0.1951
vn 0.8315 -0.0000 0.5556
vn 0.5556 -0.0000 0.8315
vn 0.1951 -0.0000 0.9808
vn -0.1951 -0.0000 0.9808
vn -0.5556 -0.0000 0.8315
vn -0.8315 -0.0000 0.5556
vn -0.9808 -0.0000 0.1951
vn -0.9808 -0.0000 -0.1951
vn -0.8315 -0.0000 -0.5556
vn -0.5556 -0.0000 -0.8315
vn -0.1951 -0.0000 -0.9808
s 0
usemtl 1_grid
f 545//273 561//273 562//273 546//273
f 546//274 562//274 563//274 547//274
f 547//275 563//275 564//275 548//275
f 548//276 564//276 565//276 549//276
f 549//277 565//277 566//277 550//277
f 550//278 566//278 567//278 551//278
f 551//279 567//279 568//279 552//279
f 552//280 568//280 569//280 553//280
f 553//281 569//281 570//281 554//281
f 554//282 570//282 571//282 555//282
f 555//283 571//283 572//283 556//283
f 556//284 572//284 573//284 557//284
f 557//285 573//285 574//285 558//285
f 558//286 574//286 575//286 559//286
f 559//287 575//287 576//287 560//287
f 560//288 576//288 561//288 545//288
o Parent
v 0.015000 -3.100000 0.170000
v 0.018827 -3.100000 0.170761
v 0.022071 -3.100000 0.172929
v 0.024239 -3.100000 0.176173
v 0.025000 -3.100000 0.180000
v 0.024239 -3.100000 0.183827
v 0.022071 -3.100000 0.187071
v 0.018827 -3.100000 0.189239
v 0.015000 -3.100000 0.190000
v 0.011173 -3.100000 0.189239
v 0.007929 -3.100000 0.187071
v 0.005761 -3.100000 0.183827
v 0.005000 -3.100000 0.180000
v 0.005761 -3.100000 0.176173
v 0.007929 -3.100000 0.172929
v 0.011173 -3.100000 0.170761
v 0.015000 -0.100000 0.170000
v 0.018827 -0.100000 0.170761
v 0.022071 -0.100000 0.172929
v 0.024239 -0.100000 0.176173
v 0.025000 -0.100000 0.180000
v 0.024239 -0.100000 0.183827
v 0.022071 -0.100000 0.187071
v 0.018827 -0.100000 0.189239
v 0.015000 -0.100000 0.190000
v 0.011173 -0.100000 0.189239
v 0.007929 -0.100000 0.187071
v 0.005761 -0.100000 0.183827
v 0.005000 -0.100000 0.180000
v 0.005761 -0.100000 0.176173
v 0.007929 -0.100000 0.172929
v 0.011173 -0.100000 0.170761
vn 0.1951 -0.0000 -0.9808
vn 0.5556 -0.0000 -0.8315
vn 0.8315 -0.0000 -0.5556
vn 0.9808 -0.0000 -0.1951
vn 0.9808 -0.0000 0.1951
vn 0.8315 -0.0000 0.5556
vn 0.5556 -0.0000 0.8315
vn 0.1951 -0.0000 0.9808
vn -0.1951 -0.0000 0.9808
vn -0.5556 -0.0000 0.8315
vn -0.8315 -0.0000 0.5556
vn -0.9808 -0.0000 0.1951
vn -0.9808 -0.0000 -0.1951
vn -0.8315 -0.0000 -0.5556
vn -0.5556 -0.0000 -0.8315
vn -0.1951 -0.0000 -0.9808
s 0
usemtl 1_grid
f 577//289 593//289 594//289 578//289
f 578//290 594//290 595//290 579//290
f 579//291 595//291 596//291 580//291
f 580//292 596//292 597//292 581//292
f 581//293 597//293 598//293 582//293
f 582//294 598//294 599//294 583//294
f 583//295 599//295 600//295 584//295
f 584//296 600//296 601//296 585//296
f 585//297 601//297 602//297 586//297
f 586//298 602//298 603//298 587//298
f 587//299 603//299 604//299 588//299
f 588//300 604//300 605//300 589//300
f 589//301 605//301 606//301 590//301
f 590//302 606//302 607//302 591//302
f 591//303 607//303 608//303 592//303
f 592//304 608//304 593//304 577//304
o Parent
v 0.015000 -3.100000 0.210000
v 0.018827 -3.100000 0.210761
v 0.022071 -3.100000 0.212929
v 0.024239 -3.100000 0.216173
v 0.025000 -3.100000 0.220000
v 0.024239 -3.100000 0.223827
v 0.022071 -3.100000 0.227071
v 0.018827 -3.100000 0.229239
v 0.015000 -3.100000 0.230000
v 0.011173 -3.100000 0.229239
v 0.007929 -3.100000 0.227071
v 0.005761 -3.100000 0.223827
v 0.005000 -3.100000 0.220000
v 0.005761 -3.100000 0.216173
v 0.007929 -3.100000 0.212929
v 0.011173 -3.100000 0.210761
v 0.015000 -0.100000 0.210000
v 0.018827 -0.100000 0.210761
v 0.022071 -0.100000 0.212929
v 0.024239 -0.100000 0.216173
v 0.025000 -0.100000 0.220000
v 0.024239 -0.100000 0.223827
v 0.022071 -0.100000 0.227071
v 0.018827 -0.100000 0.229239
v 0.015000 -0.100000 0.230000
v 0.011173 -0.100000 0.229239
v 0.007929 -0.100000 0.227071
v 0.005761 -0.100000 0.223827
v 0.005000 -0.100000 0.220000
v 0.005761 -0.100000 0.216173
v 0.007929 -0.100000 0.212929
v 0.011173 -0.100000 0.210761
vn 0.1951 -0.0000 -0.9808
vn 0.5556 -0.0000 -0.8315
vn 0.8315 -0.0000 -0.5556
vn 0.9808 -0.0000 -0.1951
vn 0.9808 -0.0000 0.1951
vn 0.8315 -0.0000 0.5556
vn 0.5556 -0.0000 0.8315
vn 0.1951 -0.0000 0.9808
vn -0.1951 -0.0000 0.9808
vn -0.5556 -0.0000 0.8315
vn -0.8315 -0.0000 0.5556
vn -0.9808 -0.0000 0.1951
vn -0.9808 -0.0000 -0.1951
vn -0.8315 -0.0000 -0.5556
vn -0.5556 -0.0000 -0.8315
vn -0.1951 -0.0000 -0.9808
s 0
usemtl 1_grid
f 609//305 625//305 626//305 610//305
f 610//306 626//306 627//306 611//306
f 611//307 627//307 628//307 612//307
f 612//308 628//308 629//308 613//308
f 613//309 629//309 630//309 614//309
f 614//310 630//310 631//310 615//310
f 615//311 631//311 632//311 616//311
f 616//312 632//312 633//312 617//312
f 617//313 633//313 634//313 618//313
f 618//314 634//314 635//314 619//314
f 619//315 635//315 636//315 620//315
f 620//316 636//316 637//316 621//316
f 621//317 637//317 638//317 622//317
f 622//318 638//318 639//318 623//318
f 623//319 639//319 640//319 624//319
f 624//320 640//320 625//320 609//320
o Parent
v 0.015000 -3.100000 0.250000
v 0.018827 -3.100000 0.250761
v 0.022071 -3.100000 0.252929
v 0.024239 -3.100000 0.256173
v 0.025000 -3.100000 0.260000
v 0.024239 -3.100000 0.263827
v 0.022071 -3.100000 0.267071
v 0.018827 -3.100000 0.269239
v 0.015000 -3.100000 0.270000
v 0.011173 -3.100000 0.269239
v 0.007929 -3.100000 0.267071
v 0.005761 -3.100000 0.263827
v 0.005000 -3.100000 0.260000
v 0.005761 -3.100000 0.256173
v 0.007929 -3.100000 0.252929
v 0.011173 -3.100000 0.250761
v 0.015000 -0.100000 0.250000
v 0.018827 -0.100000 0.250761
v 0.022071 -0.100000 0.252929
v 0.024239 -0.100000 0.256173
v 0.025000 -0.100000 0.260000
v 0.024239 -0.100000 0.263827
v 0.022071 -0.100000 0.267071
v 0.018827 -0.100000 0.269239
v 0.015000 -0.100000 0.270000
v 0.011173 -0.100000 0.269239
v 0.007929 -0.100000 0.267071
v 0.005761 -0.100000 0.263827
v 0.005000 -0.100000 0.260000
v 0.005761 -0.100000 0.256173
v 0.007929 -0.100000 0.252929
v 0.011173 -0.100000 0.250761
vn 0.1951 -0.0000 -0.9808
vn 0.5556 -0.0000 -0.8315
vn 0.8315 -0.0000 -0.5556
vn 0.9808 -0.0000 -0.1951
vn 0.9808 -0.0000 0.1951
vn 0.8315 -0.0000 0.5556
vn 0.5556 -0.0000 0.8315
vn 0.1951 -0.0000 0.9808
vn -0.1951 -0.0000 0.9808
vn -0.5556 -0.0000 0.8315
vn -0.8315 -0.0000 0.5556
vn -0.9808 -0.0000 0.1951
vn -0.9808 -0.0000 -0.1951
vn -0.8315 -0.0000 -0.5556
vn -0.5556 -0.0000 -0.8315
vn -0.1951 -0.0000 -0.9808
s 0
usemtl 1_grid
f 641//321 657//321 658//321 642//321
f 642//322 658//322 659//322 643//322
f 643//323 659//323 660//323 644//323
f 644//324 660//324 661//324 645//324
f 645//325 661//325 662//325 646//325
f 646//326 662//326 663//326 647//326
f 647//327 663//327 664//327 648//327
f 648//328 664//328 665//328 649//328
f 649//329 665//329 666//329 650//329
f 650//330 666//330 667//330 651//330
f 651//331 667//331 668//331 652//331
f 652//332 668//332 669//332 653//332
f 653//333 669//333 670//333 654//333
f 654//334 670//334 671//334 655//334
f 655//335 671//335 672//335 656//335
f 656//336 672//336 657//336 641//336
o Parent
v 0.015000 -3.100000 0.290000
v 0.018827 -3.100000 0.290761
v 0.022071 -3.100000 0.292929
v 0.024239 -3.100000 0.296173
v 0.025000 -3.100000 0.300000
v 0.024239 -3.100000 0.303827
v 0.022071 -3.100000 0.307071
v 0.018827 -3.100000 0.309239
v 0.015000 -3.100000 0.310000
v 0.011173 -3.100000 0.309239
v 0.007929 -3.100000 0.307071
v 0.005761 -3.100000 0.303827
v 0.005000 -3.100000 0.300000
v 0.005761 -3.100000 0.296173
v 0.007929 -3.100000 0.292929
v 0.011173 -3.100000 0.290761
v 0.015000 -0.100000 0.290000
v 0.018827 -0.100000 0.290761
v 0.022071 -0.100000 0.292929
v 0.024239 -0.100000 0.296173
v 0.025000 -0.100000 0.300000
v 0.024239 -0.100000 0.303827
v 0.022071 -0.100000 0.307071
v 0.018827 -0.100000 0.309239
v 0.015000 -0.100000 0.310000
v 0.011173 -0.100000 0.309239
v 0.007929 -0.100000 0.307071
v 0.005761 -0.100000 0.303827
v 0.005000 -0.100000 0.300000
v 0.005761 -0.100000 0.296173
v 0.007929 -0.100000 0.292929
v 0.011173 -0.100000 0.290761
vn 0.1951 -0.0000 -0.9808
vn 0.5556 -0.0000 -0.8315
vn 0.8315 -0.0000 -0.5556
vn 0.9808 -0.0000 -0.1951
vn 0.9808 -0.0000 0.1951
vn 0.8315 -0.0000 0.5556
vn 0.5556 -0.0000 0.8315
vn 0.1951 -0.0000 0.9808
vn -0.1951 -0.0000 0.9808
vn -0.5556 -0.0000 0.8315
vn -0.8315 -0.0000 0.5556
vn -0.9808 -0.0000 0.1951
vn -0.9808 -0.0000 -0.1951
vn -0.8315 -0.0000 -0.5556
vn -0.5556 -0.0000 -0.8315
vn -0.1951 -0.0000 -0.9808
s 0
usemtl 1_grid
f 673//337 689//337 690//337 674//337
f 674//338 690//338 691//338 675//338
f 675//339 691//339 692//339 676//339
f 676//340 692//340 693//340 677//340
f 677//341 693//341 694//341 678//341
f 678//342 694//342 695//342 679//342
f 679//343 695//343 696//343 680//343
f 680//344 696//344 697//344 681//344
f 681//345 697//345 698//345 682//345
f 682//346 698//346 699//346 683//346
f 683//347 699//347 700//347 684//347
f 684//348 700//348 701//348 685//348
f 685//349 701//349 702//349 686//349
f 686//350 702//350 703//350 687//350
f 687//351 703//351 704//351 688//351
f 688//352 704//352 689//352 673//352
o Parent
v 0.015000 -3.100000 0.330000
v 0.018827 -3.100000 0.330761
v 0.022071 -3.100000 0.332929
v 0.024239 -3.100000 0.336173
v 0.025000 -3.100000 0.340000
v 0.024239 -3.100000 0.343827
v 0.022071 -3.100000 0.347071
v 0.018827 -3.100000 0.349239
v 0.015000 -3.100000 0.350000
v 0.011173 -3.100000 0.349239
v 0.007929 -3.100000 0.347071
v 0.005761 -3.100000 0.343827
v 0.005000 -3.100000 0.340000
v 0.005761 -3.100000 0.336173
v 0.007929 -3.100000 0.332929
v 0.011173 -3.100000 0.330761
v 0.015000 -0.100000 0.330000
v 0.018827 -0.100000 0.330761
v 0.022071 -0.100000 0.332929
v 0.024239 -0.100000 0.336173
v 0.025000 -0.100000 0.340000
v 0.024239 -0.100000 0.343827
v 0.022071 -0.100000 0.347071
v 0.018827 -0.100000 0.349239
v 0.015000 -0.100000 0.350000
v 0.011173 -0.100000 0.349239
v 0.007929 -0.100000 0.347071
v 0.005761 -0.100000 0.343827
v 0.005000 -0.100000 0.340000
v 0.005761 -0.100000 0.336173
v 0.007929 -0.100000 0.332929
v 0.011173 -0.100000 0.330761
vn 0.1951 -0.0000 -0.9808
vn 0.5556 -0.0000 -0.8315
vn 0.8315 -0.0000 -0.5556
vn 0.9808 -0.0000 -0.1951
vn 0.9808 -0.0000 0.1951
vn 0.8315 -0.0000 0.5556
vn 0.5556 -0.0000 0.8315
vn 0.1951 -0.0000 0.9808
vn -0.1951 -0.0000 0.9808
vn -0.5556 -0.0000 0.8315
vn -0.8315 -0.0000 0.5556
vn -0.9808 -0.0000 0.1951
vn -0.9808 -0.0000 -0.1951
vn -0.8315 -0.0000 -0.5556
vn -0.5556 -0.0000 -0.8315
vn -0.1951 -0.0000 -0.9808
s 0
usemtl 1_grid
f 705//353 721//353 722//353 706//353
f 706//354 722//354 723//354 707//354
f 707//355 723//355 724//355 708//355
f 708//356 724//356 725//356 709//356
f 709//357 725//357 726//357 710//357
f 710//358 726//358 727//358 711//358
f 711//359 727//359 728//359 712//359
f 712//360 728//360 729//360 713//360
f 713//361 729//361 730//361 714//361
f 714//362 730//362 731//362 715//362
f 715//363 731//363 732//363 716//363
f 716//364 732//364 733//364 717//364
f 717//365 733//365 734//365 718//365
f 718//366 734//366 735//366 719//366
f 719//367 735//367 736//367 720//367
f 720//368 736//368 721//368 705//368
o Parent
v 0.015000 -3.100000 0.370000
v 0.018827 -3.100000 0.370761
v 0.022071 -3.100000 0.372929
v 0.024239 -3.100000 0.376173
v 0.025000 -3.100000 0.380000
v 0.024239 -3.100000 0.383827
v 0.022071 -3.100000 0.387071
v 0.018827 -3.100000 0.389239
v 0.015000 -3.100000 0.390000
v 0.011173 -3.100000 0.389239
v 0.007929 -3.100000 0.387071
v 0.005761 -3.100000 0.383827
v 0.005000 -3.100000 0.380000
v 0.005761 -3.100000 0.376173
v 0.007929 -3.100000 0.372929
v 0.011173 -3.100000 0.370761
v 0.015000 -0.100000 0.370000
v 0.018827 -0.100000 0.370761
v 0.022071 -0.100000 0.372929
v 0.024239 -0.100000 0.376173
v 0.025000 -0.100000 0.380000
v 0.024239 -0.100000 0.383827
v 0.022071 -0.100000 0.387071
v 0.018827 -0.100000 0.389239
v 0.015000 -0.100000 0.390000
v 0.011173 -0.100000 0.389239
v 0.007929 -0.100000 0.387071
v 0.005761 -0.100000 0.383827
v 0.005000 -0.100000 0.380000
v 0.005761 -0.100000 0.376173
v 0.007929 -0.100000 0.372929
v 0.011173 -0.100000 0.370761
vn 0.1951 -0.0000 -0.9808
vn 0.5556 -0.0000 -0.8315
vn 0.8315 -0.0000 -0.5556
vn 0.9808 -0.0000 -0.1951
vn 0.9808 -0.0000 0.1951
vn 0.8315 -0.0000 0.5556
vn 0.5556 -0.0000 0.8315
vn 0.1951 -0.0000 0.9808
vn -0.1951 -0.0000 0.9808
vn -0.5556 -0.0000 0.8315
vn -0.8315 -0.0000 0.5556
vn -0.9808 -0.0000 0.1951
vn -0.9808 -0.0000 -0.1951
vn -0.8315 -0.0000 -0.5556
vn -0.5556 -0.0000 -0.8315
vn -0.1951 -0.0000 -0.9808
s 0
usemtl 1_grid
f 737//369 753//369 754//369 738//369
f 738//370 754//370 755//370 739//370
f 739//371 755//371 756//371 740//371
f 740//372 756//372 757//372 741//372
f 741//373 757//373 758//373 742//373
f 742//374 758//374 759//374 743//374
f 743//375 759//375 760//375 744//375
f 744//376 760//376 761//376 745//376
f 745//377 761//377 762//377 746//377
f 746//378 762//378 763//378 747//378
f 747//379 763//379 764//379 748//379
f 748//380 764//380 765//380 749//380
f 749//381 765//381 766//381 750//381
f 750//382 766//382 767//382 751//382
f 751//383 767//383 768//383 752//383
f 752//384 768//384 753//384 737//384
o Parent
v 0.015000 -3.100000 0.410000
v 0.018827 -3.100000 0.410761
v 0.022071 -3.100000 0.412929
v 0.024239 -3.100000 0.416173
v 0.025000 -3.100000 0.420000
v 0.024239 -3.100000 0.423827
v 0.022071 -3.100000 0.427071
v 0.018827 -3.100000 0.429239
v 0.015000 -3.100000 0.430000
v 0.011173 -3.100000 0.429239
v 0.007929 -3.100000 0.427071
v 0.005761 -3.100000 0.423827
v 0.005000 -3.100000 0.420000
v 0.005761 -3.100000 0.416173
v 0.007929 -3.100000 0.412929
v 0.011173 -3.100000 0.410761
v 0.015000 -0.100000 0.410000
v 0.018827 -0.100000 0.410761
v 0.022071 -0.100000 0.412929
v 0.024239 -0.100000 0.416173
v 0.025000 -0.100000 0.420000
v 0.024239 -0.100000 0.423827
v 0.022071 -0.100000 0.427071
v 0.018827 -0.100000 0.429239
v 0.015000 -0.100000 0.430000
v 0.011173 -0.100000 0.429239
v 0.007929 -0.100000 0.427071
v 0.005761 -0.100000 0.423827
v 0.005000 -0.100000 0.420000
v 0.005761 -0.100000 0.416173
v 0.007929 -0.100000 0.412929
v 0.011173 -0.100000 0.410761
vn 0.1951 -0.0000 -0.9808
vn 0.5556 -0.0000 -0.8315
vn 0.8315 -0.0000 -0.5556
vn 0.9808 -0.0000 -0.1951
vn 0.9808 -0.0000 0.1951
vn 0.8315 -0.0000 0.5556
vn 0.5556 -0.0000 0.8315
vn 0.1951 -0.0000 0.9808
vn -0.1951 -0.0000 0.9808
vn -0.5556 -0.0000 0.8315
vn -0.8315 -0.0000 0.5556
vn -0.9808 -0.0000 0.1951
vn -0.9808 -0.0000 -0.1951
vn -0.8315 -0.0000 -0.5556
vn -0.5556 -0.0000 -0.8315
vn -0.1951 -0.0000 -0.9808
s 0
usemtl 1_grid
f 769//385 785//385 786//385 770//385
f 770//386 786//386 787//386 771//386
f 771//387 787//387 788//387 772//387
f 772//388 788//388 789//388 773//388
f 773//389 789//389 790//389 774//389
f 774//390 790//390 791//390 775//390
f 775//391 791//391 792//391 776//391
f 776//392 792//392 793//392 777//392
f 777//393 793//393 794//393 778//393
f 778//394 794//394 795//394 779//394
f 779//395 795//395 796//395 780//395
f 780//396 796//396 797//396 781//396
f 781//397 797//397 798//397 782//397
f 782//398 798//398 799//398 783//398
f 783//399 799//399 800//399 784//399
f 784//400 800//400 785//400 769//400
o Parent
v 0.015000 -3.100000 0.450000
v 0.018827 -3.100000 0.450761
v 0.022071 -3.100000 0.452929
v 0.024239 -3.100000 0.456173
v 0.025000 -3.100000 0.460000
v 0.024239 -3.100000 0.463827
v 0.022071 -3.100000 0.467071
v 0.018827 -3.100000 0.469239
v 0.015000 -3.100000 0.470000
v 0.011173 -3.100000 0.469239
v 0.007929 -3.100000 0.467071
v 0.005761 -3.100000 0.463827
v 0.005000 -3.100000 0.460000
v 0.005761 -3.100000 0.456173
v 0.007929 -3.100000 0.452929
v 0.011173 -3.100000 0.450761
v 0.015000 -0.100000 0.450000
v 0.018827 -0.100000 0.450761
v 0.022071 -0.100000 0.452929
v 0.024239 -0.100000 0.456173
v 0.025000 -0.100000 0.460000
v 0.024239 -0.100000 0.463827
v 0.022071 -0.100000 0.467071
v 0.018827 -0.100000 0.469239
v 0.015000 -0.100000 0.470000
v 0.011173 -0.100000 0.469239
v 0.007929 -0.100000 0.467071
v 0.005761 -0.100000 0.463827
v 0.005000 -0.100000 0.460000
v 0.005761 -0.100000 0.456173
v 0.007929 -0.100000 0.452929
v 0.011173 -0.100000 0.450761
vn 0.1951 -0.0000 -0.9808
vn 0.5556 -0.0000 -0.8315
vn 0.8315 -0.0000 -0.5556
vn 0.9808 -0.0000 -0.1951
vn 0.9808 -0.0000 0.1951
vn 0.8315 -0.0000 0.5556
vn 0.5556 -0.0000 0.8315
vn 0.1951 -0.0000 0.9808
vn -0.1951 -0.0000 0.9808
vn -0.5556 -0.0000 0.8315
vn -0.8315 -0.0000 0.5556
vn -0.9808 -0.0000 0.1951
vn -0.9808 -0.0000 -0.1951
vn -0.8315 -0.0000 -0.5556
vn -0.5556 -0.0000 -0.8315
vn -0.1951 -0.0000 -0.9808
s 0
usemtl 1_grid
f 801//401 817//401 818//401 802//401
f 802//402 818//402 819//402 803//402
f 803//403 819//403 820//403 804//403
f 804//404 820//404 821//404 805//404
f 805//405 821//405 822//405 806//405
f 806//406 822//406 823//406 807//406
f 807//407 823//407 824//407 808//407
f 808//408 824//408 825//408 809//408
f 809//409 825//409 826//409 810//409
f 810//410 826//410 827//410 811//410
f 811//411 827//411 828//411 812//411
f 812//412 828//412 829//412 813//412
f 813//413 829//413 830//413 814//413
f 814//414 830//414 831//414 815//414
f 815//415 831//415 832//415 816//415
f 816//416 832//416 817//416 801//416
o Parent
v 0.015000 -3.100000 0.490000
v 0.018827 -3.100000 0.490761
v 0.022071 -3.100000 0.492929
v 0.024239 -3.100000 0.496173
v 0.025000 -3.100000 0.500000
v 0.024239 -3.100000 0.503827
v 0.022071 -3.100000 0.507071
v 0.018827 -3.100000 0.509239
v 0.015000 -3.100000 0.510000
v 0.011173 -3.100000 0.509239
v 0.007929 -3.100000 0.507071
v 0.005761 -3.100000 0.503827
v 0.005000 -3.100000 0.500000
v 0.005761 -3.100000 0.496173
v 0.007929 -3.100000 0.492929
v 0.011173 -3.100000 0.490761
v 0.015000 -0.100000 0.490000
v 0.018827 -0.100000 0.490761
v 0.022071 -0.100000 0.492929
v 0.024239 -0.100000 0.496173
v 0.025000 -0.100000 0.500000
v 0.024239 -0.100000 0.503827
v 0.022071 -0.100000 0.507071
v 0.018827 -0.100000 0.509239
v 0.015000 -0.100000 0.510000
v 0.011173 -0.100000 0.509239
v 0.007929 -0.100000 0.507071
v 0.005761 -0.100000 0.503827
v 0.005000 -0.100000 0.500000
v 0.005761 -0.100000 0.496173
v 0.007929 -0.100000 0.492929
v 0.011173 -0.100000 0.490761
vn 0.1951 -0.0000 -0.9808
vn 0.5556 -0.0000 -0.8315
vn 0.8315 -0.0000 -0.5556
vn 0.9808 -0.0000 -0.1951
vn 0.9808 -0.0000 0.1951
vn 0.8315 -0.0000 0.5556
vn 0.5556 -0.0000 0.8315
vn 0.1951 -0.0000 0.9808
vn -0.1951 -0.0000 0.9808
vn -0.5556 -0.0000 0.8315
vn -0.8315 -0.0000 0.5556
vn -0.9808 -0.0000 0.1951
vn -0.9808 -0.0000 -0.1951
vn -0.8315 -0.0000 -0.5556
vn -0.5556 -0.0000 -0.8315
vn -0.1951 -0.0000 -0.9808
s 0
usemtl 1_grid
f 833//417 849//417 850//417 834//417
f 834//418 850//418 851//418 835//418
f 835//419 851//419 852//419 836//419
f 836//420 852//420 853//420 837//420
f 837//421 853//421 854//421 838//421
f 838//422 854//422 855//422 839//422
f 839//423 855//423 856//423 840//423
f 840//424 856//424 857//424 841//424
f 841//425 857//425 858//425 842//425
f 842//426 858//426 859//426 843//426
f 843//427 859//427 860//427 844//427
f 844//428 860//428 861//428 845//428
f 845//429 861//429 862//429 846//429
f 846//430 862//430 863//430 847//430
f 847//431 863//431 864//431 848//431
f 848//432 864//432 849//432 833//432
o Parent
v 0.015000 -3.100000 0.530000
v 0.018827 -3.100000 0.530761
v 0.022071 -3.100000 0.532929
v 0.024239 -3.100000 0.536173
v 0.025000 -3.100000 0.540000
v 0.024239 -3.100000 0.543827
v 0.022071 -3.100000 0.547071
v 0.018827 -3.100000 0.549239
v 0.015000 -3.100000 0.550000
v 0.011173 -3.100000 0.549239
v 0.007929 -3.100000 0.547071
v 0.005761 -3.100000 0.543827
v 0.005000 -3.100000 0.540000
v 0.005761 -3.100000 0.536173
v 0.007929 -3.100000 0.532929
v 0.011173 -3.100000 0.530761
v 0.015000 -0.100000 0.530000
v 0.018827 -0.100000 0.530761
v 0.022071 -0.100000 0.532929
v 0.024239 -0.100000 0.536173
v 0.025000 -0.100000 0.540000
v 0.024239 -0.100000 0.543827
v 0.022071 -0.100000 0.547071
v 0.018827 -0.100000 0.549239
v 0.015000 -0.100000 0.550000
v 0.011173 -0.100000 0.549239
v 0.007929 -0.100000 0.547071
v 0.005761 -0.100000 0.543827
v 0.005000 -0.100000 0.540000
v 0.005761 -0.100000 0.536173
v 0.007929 -0.100000 0.532929
v 0.011173 -0.100000 0.530761
vn 0.1951 -0.0000 -0.9808
vn 0.5556 -0.0000 -0.8315
vn 0.8315 -0.0000 -0.5556
vn 0.9808 -0.0000 -0.1951
vn 0.9808 -0.0000 0.1951
vn 0.8315 -0.0000 0.5556
vn 0.5556 -0.0000 0.8315
vn 0.1951 -0.0000 0.9808
vn -0.1951 -0.0000 0.9808
vn -0.5556 -0.0000 0.8315
vn -0.8315 -0.0000 0.5556
vn -0.9808 -0.0000 0.1951
vn -0.9808 -0.0000 -0.1951
vn -0.8315 -0.0000 -0.5556
vn -0.5556 -0.0000 -0.8315
vn -0.1951 -0.0000 -0.9808
s 0
usemtl 1_grid
f 865//433 881//433 882//433 866//433
f 866//434 882//434 883//434 867//434
f 867//435 883//435 884//435 868//435
f 868//436 884//436 885//436 869//436
f 869//437 885//437 886//437 870//437
f 870//438 886//438 887//438 871//438
f 871//439 887//439 888//439 872//439
f 872//440 888//440 889//440 873//440
f 873//441 889//441 890//441 874//441
f 874//442 890//442 891//442 875//442
f 875//443 891//443 892//443 876//443
f 876//444 892//444 893//444 877//444
f 877//445 893//445 894//445 878//445
f 878//446 894//446 895//446 879//446
f 879//447 895//447 896//447 880//447
f 880//448 896//448 881//448 865//448
o Parent
v 0.015000 -3.100000 0.570000
v 0.018827 -3.100000 0.570761
v 0.022071 -3.100000 0.572929
v 0.024239 -3.100000 0.576173
v 0.025000 -3.100000 0.580000
v 0.024239 -3.100000 0.583827
v 0.022071 -3.100000 0.587071
v 0.018827 -3.100000 0.589239
v 0.015000 -3.100000 0.590000
v 0.011173 -3.100000 0.589239
v 0.007929 -3.100000 0.587071
v 0.005761 -3.100000 0.583827
v 0.005000 -3.100000 0.580000
v 0.005761 -3.100000 0.576173
v 0.007929 -3.100000 0.572929
v 0.011173 -3.100000 0.570761
v 0.015000 -0.100000 0.570000
v 0.018827 -0.100000 0.570761
v 0.022071 -0.100000 0.572929
v 0.024239 -0.100000 0.576173
v 0.025000 -0.100000 0.580000
v 0.024239 -0.100000 0.583827
v 0.022071 -0.100000 0.587071
v 0.018827 -0.100000 0.589239
v 0.015000 -0.100000 0.590000
v 0.011173 -0.100000 0.589239
v 0.007929 -0.100000 0.587071
v 0.005761 -0.100000 0.583827
v 0.005000 -0.100000 0.580000
v 0.005761 -0.100000 0.576173
v 0.007929 -0.100000 0.572929
v 0.011173 -0.100000 0.570761
vn 0.1951 -0.0000 -0.9808
vn 0.5556 -0.0000 -0.8315
vn 0.8315 -0.0000 -0.5556
vn 0.9808 -0.0000 -0.1951
vn 0.9808 -0.0000 0.1951
vn 0.8315 -0.0000 0.5556
vn 0.5556 -0.0000 0.8315
vn 0.1951 -0.0000 0.9808
vn -0.1951 -0.0000 0.9808
vn -0.5556 -0.0000 0.8315
vn -0.8315 -0.0000 0.5556
vn -0.9808 -0.0000 0.1951
vn -0.9808 -0.0000 -0.1951
vn -0.8315 -0.0000 -0.5556
vn -0.5556 -0.0000 -0.8315
vn -0.1951 -0.0000 -0.9808
s 0
usemtl 1_grid
f 897//449 913//449 914//449 898//449
f 898//450 914//450 915//450 899//450
f 899//451 915//451 916//451 900//451
f 900//452 916//452 917//452 901//452
f 901//453 917//453 918//453 902//453
f 902//454 918//454 919//454 903//454
f 903//455 919//455 920//455 904//455
f 904//456 920//456 921//456 905//456
f 905//457 921//457 922//457 906//457
f 906//458 922//458 923//458 907//458
f 907//459 923//459 924//459 908//459
f 908//460 924//460 925//460 909//460
f 909//461 925//461 926//461 910//461
f 910//462 926//462 927//462 911//462
f 911//463 927//463 928//463 912//463
f 912//464 928//464 913//464 897//464
o Parent
v 0.015000 -3.100000 0.610000
v 0.018827 -3.100000 0.610761
v 0.022071 -3.100000 0.612929
v 0.024239 -3.100000 0.616173
v 0.025000 -3.100000 0.620000
v 0.024239 -3.100000 0.623827
v 0.022071 -3.100000 0.627071
v 0.018827 -3.100000 0.629239
v 0.015000 -3.100000 0.630000
v 0.011173 -3.100000 0.629239
v 0.007929 -3.100000 0.627071
v 0.005761 -3.100000 0.623827
v 0.005000 -3.100000 0.620000
v 0.005761 -3.100000 0.616173
v 0.007929 -3.100000 0.612929
v 0.011173 -3.100000 0.610761
v 0.015000 -0.100000 0.610000
v 0.018827 -0.100000 0.610761
v 0.022071 -0.100000 0.612929
v 0.024239 -0.100000 0.616173
v 0.025000 -0.100000 0.620000
v 0.024239 -0.100000 0.623827
v 0.022071 -0.100000 0.627071
v 0.018827 -0.100000 0.629239
v 0.015000 -0.100000 0.630000
v 0.011173 -0.100000 0.629239
v 0.007929 -0.100000 0.627071
v 0.005761 -0.100000 0.623827
v 0.005000 -0.100000 0.620000
v 0.005761 -0.100000 0.616173
v 0.007929 -0.100000 0.612929
v 0.011173 -0.100000 0.610761
vn 0.1951 -0.0000 -0.9808
vn 0.5556 -0.0000 -0.8315
vn 0.8315 -0.0000 -0.5556
vn 0.9808 -0.0000 -0.1951
vn 0.9808 -0.0000 0.1951
vn 0.8315 -0.0000 0.5556
vn 0.5556 -0.0000 0.8315
vn 0.1951 -0.0000 0.9808
vn -0.1951 -0.0000 0.9808
vn -0.5556 -0.0000 0.8315
vn -0.8315 -0.0000 0.5556
vn -0.9808 -0.0000 0.1951
vn -0.9808 -0.0000 -0.1951
vn -0.8315 -0.0000 -0.5556
vn -0.5556 -0.0000 -0.8315
vn -0.1951 -0.0000 -0.9808
s 0
usemtl 1_grid
f 929//465 945//465 946//465 930//465
f 930//466 946//466 947//466 931//466
f 931//467 947//467 948//467 932//467
f 932//468 948//468 949//468 933//468
f 933//469 949//469 950//469 934//469
f 934//470 950//470 951//470 935//470
f 935//471 951//471 952//471 936//471
f 936//472 952//472 953//472 937//472
f 937//473 953//473 954//473 938//473
f 938//474 954//474 955//474 939//474
f 939//475 955//475 956//475 940//475
f 940//476 956//476 957//476 941//476
f 941//477 957//477 958//477 942//477
f 942//478 958//478 959//478 943//478
f 943//479 959//479 960//479 944//479
f 944//480 960//480 945//480 929//480
o Parent
v 0.015000 -3.100000 0.650000
v 0.018827 -3.100000 0.650761
v 0.022071 -3.100000 0.652929
v 0.024239 -3.100000 0.656173
v 0.025000 -3.100000 0.660000
v 0.024239 -3.100000 0.663827
v 0.022071 -3.100000 0.667071
v 0.018827 -3.100000 0.669239
v 0.015000 -3.100000 0.670000
v 0.011173 -3.100000 0.669239
v 0.007929 -3.100000 0.667071
v 0.005761 -3.100000 0.663827
v 0.005000 -3.100000 0.660000
v 0.005761 -3.100000 0.656173
v 0.007929 -3.100000 0.652929
v 0.011173 -3.100000 0.650761
v 0.015000 -0.100000 0.650000
v 0.018827 -0.100000 0.650761
v 0.022071 -0.100000 0.652929
v 0.024239 -0.100000 0.656173
v 0.025000 -0.100000 0.660000
v 0.024239 -0.100000 0.663827
v 0.022071 -0.100000 0.667071
v 0.018827 -0.100000 0.669239
v 0.015000 -0.100000 0.670000
v 0.011173 -0.100000 0.669239
v 0.007929 -0.100000 0.667071
v 0.005761 -0.100000 0.663827
v 0.005000 -0.100000 0.660000
v 0.005761 -0.100000 0.656173
v 0.007929 -0.100000 0.652929
v 0.011173 -0.100000 0.650761
vn 0.1951 -0.0000 -0.9808
vn 0.5556 -0.0000 -0.8315
vn 0.8315 -0.0000 -0.5556
vn 0.9808 -0.0000 -0.1951
vn 0.9808 -0.0000 0.1951
vn 0.8315 -0.0000 0.5556
vn 0.5556 -0.0000 0.8315
vn 0.1951 -0.0000 0.9808
vn -0.1951 -0.0000 0.9808
vn -0.5556 -0.0000 0.8315
vn -0.8315 -0.0000 0.5556
vn -0.9808 -0.0000 0.1951
vn -0.9808 -0.0000 -0.1951
vn -0.8315 -0.0000 -0.5556
vn -0.5556 -0.0000 -0.8315
vn -0.1951 -0.0000 -0.9808
s 0
usemtl 1_grid
f 961//481 977//481 978//481 962//481
f 962//482 978//482 979//482 963//482
f 963//483 979//483 980//483 964//483
f 964//484 980//484 981//484 965//484
f 965//485 981//485 982//485 966//485
f 966//486 982//486 983//486 967//486
f 967//487 983//487 984//487 968//487
f 968//488 984//488 985//488 969//488
f 969//489 985//489 986//489 970//489
f 970//490 986//490 987//490 971//490
f 971//491 987//491 988//491 972//491
f 972//492 988//492 989//492 973//492
f 973//493 989//493 990//493 974//493
f 974//494 990//494 991//494 975//494
f 975//495 991//495 992//495 976//495
f 976//496 992//496 977//496 961//496
o Parent
v 0.015000 -3.100000 0.690000
v 0.018827 -3.100000 0.690761
v 0.022071 -3.100000 0.692929
v 0.024239 -3.100000 0.696173
v 0.025000 -3.100000 0.700000
v 0.024239 -3.100000 0.703827
v 0.022071 -3.100000 0.707071
v 0.018827 -3.100000 0.709239
v 0.015000 -3.100000 0.710000
v 0.011173 -3.100000 0.709239
v 0.007929 -3.100000 0.707071
v 0.005761 -3.100000 0.703827
v 0.005000 -3.100000 0.700000
v 0.005761 -3.100000 0.696173
v 0.007929 -3.100000 0.692929
v 0.011173 -3.100000 0.690761
v 0.015000 -0.100000 0.690000
v 0.018827 -0.100000 0.690761
v 0.022071 -0.100000 0.692929
v 0.024239 -0.100000 0.696173
v 0.025000 -0.100000 0.700000
v 0.024239 -0.100000 0.703827
v 0.022071 -0.100000 0.707071
v 0.018827 -0.100000 0.709239
v 0.015000 -0.100000 0.710000
v 0.011173 -0.100000 0.709239
v 0.007929 -0.100000 0.707071
v 0.005761 -0.100000 0.703827
v 0.005000 -0.100000 0.700000
v 0.005761 -0.100000 0.696173
v 0.007929 -0.100000 0.692929
v 0.011173 -0.100000 0.690761
vn 0.1951 -0.0000 -0.9808
vn 0.5556 -0.0000 -0.8315
vn 0.8315 -0.0000 -0.5556
vn 0.9808 -0.0000 -0.1951
vn 0.9808 -0.0000 0.1951
vn 0.8315 -0.0000 0.5556
vn 0.5556 -0.0000 0.8315
vn 0.1951 -0.0000 0.9808
vn -0.1951 -0.0000 0.9808
vn -0.5556 -0.0000 0.8315
vn -0.8315 -0.0000 0.5556
vn -0.9808 -0.0000 0.1951
vn -0.9808 -0.0000 -0.1951
vn -0.8315 -0.0000 -0.5556
vn -0.5556 -0.0000 -0.8315
vn -0.1951 -0.0000 -0.9808
s 0
usemtl 1_grid
f 993//497 1009//497 1010//497 994//497
f 994//498 1010//498 1011//498 995//498
f 995//499 1011//499 1012//499 996//499
f 996//500 1012//500 1013//500 997//500
f 997//501 1013//501 1014//501 998//501
f 998//502 1014//502 1015//502 999//502
f 999//503 1015//503 1016//503 1000//503
f 1000//504 1016//504 1017//504 1001//504
f 1001//505 1017//505 1018//505 1002//505
f 1002//506 1018//506 1019//506 1003//506
f 1003//507 1019//507 1020//507 1004//507
f 1004//508 1020//508 1021//508 1005//508
f 1005//509 1021//509 1022//509 1006//509
f 1006//510 1022//510 1023//510 1007//510
f 1007//511 1023//511 1024//511 1008//511
f 1008//512 1024//512 1009//512 993//512
o Parent
v 0.015000 -3.100000 0.730000
v 0.018827 -3.100000 0.730761
v 0.022071 -3.100000 0.732929
v 0.024239 -3.100000 0.736173
v 0.025000 -3.100000 0.740000
v 0.024239 -3.100000 0.743827
v 0.022071 -3.100000 0.747071
v 0.018827 -3.100000 0.749239
v 0.015000 -3.100000 0.750000
v 0.011173 -3.100000 0.749239
v 0.007929 -3.100000 0.747071
v 0.005761 -3.100000 0.743827
v 0.005000 -3.100000 0.740000
v 0.005761 -3.100000 0.736173
v 0.007929 -3.100000 0.732929
v 0.011173 -3.100000 0.730761
v 0.015000 -0.100000 0.730000
v 0.018827 -0.100000 0.730761
v 0.022071 -0.100000 0.732929
v 0.024239 -0.100000 0.736173
v 0.025000 -0.100000 0.740000
v 0.024239 -0.100000 0.743827
v 0.022071 -0.100000 0.747071
v 0.018827 -0.100000 0.749239
v 0.015000 -0.100000 0.750000
v 0.011173 -0.100000 0.749239
v 0.007929 -0.100000 0.747071
v 0.005761 -0.100000 0.743827
v 0.005000 -0.100000 0.740000
v 0.005761 -0.100000 0.736173
v 0.007929 -0.100000 0.732929
v 0.011173 -0.100000 0.730761
vn 0.1951 -0.0000 -0.9808
vn 0.5556 -0.0000 -0.8315
vn 0.8315 -0.0000 -0.5556
vn 0.9808 -0.0000 -0.1951
vn 0.9808 -0.0000 0.1951
vn 0.8315 -0.0000 0.5556
vn 0.5556 -0.0000 0.8315
vn 0.1951 -0.0000 0.9808
vn -0.1951 -0.0000 0.9808
vn -0.5556 -0.0000 0.8315
vn -0.8315 -0.0000 0.5556
vn -0.9808 -0.0000 0.1951
vn -0.9808 -0.0000 -0.1951
vn -0.8315 -0.0000 -0.5556
vn -0.5556 -0.0000 -0.8315
vn -0.1951 -0.0000 -0.9808
s 0
usemtl 1_grid
f 1025//513 1041//513 1042//513 1026//513
f 1026//514 1042//514 1043//514 1027//514
f 1027//515 1043//515 1044//515 1028//515
f 1028//516 1044//516 1045//516 1029//516
f 1029//517 1045//517 1046//517 1030//517
f 1030//518 1046//518 1047//518 1031//518
f 1031//519 1047//519 1048//519 1032//519
f 1032//520 1048//520 1049//520 1033//520
f 1033//521 1049//521 1050//521 1034//521
f 1034//522 1050//522 1051//522 1035//522
f 1035//523 1051//523 1052//523 1036//523
f 1036//524 1052//524 1053//524 1037//524
f 1037//525 1053//525 1054//525 1038//525
f 1038//526 1054//526 1055//526 1039//526
f 1039//527 1055//527 1056//527 1040//527
f 1040//528 1056//528 1041//528 1025//528
o Parent
v 0.015000 -3.100000 0.770000
v 0.018827 -3.100000 0.770761
v 0.022071 -3.100000 0.772929
v 0.024239 -3.100000 0.776173
v 0.025000 -3.100000 0.780000
v 0.024239 -3.100000 0.783827
v 0.022071 -3.100000 0.787071
v 0.018827 -3.100000 0.789239
v 0.015000 -3.100000 0.790000
v 0.011173 -3.100000 0.789239
v 0.007929 -3.100000 0.787071
v 0.005761 -3.100000 0.783827
v 0.005000 -3.100000 0.780000
v 0.005761 -3.100000 0.776173
v 0.007929 -3.100000 0.772929
v 0.011173 -3.100000 0.770761
v 0.015000 -0.100000 0.770000
v 0.018827 -0.100000 0.770761
v 0.022071 -0.100000 0.772929
v 0.024239 -0.100000 0.776173
v 0.025000 -0.100000 0.780000
v 0.024239 -0.100000 0.783827
v 0.022071 -0.100000 0.787071
v 0.018827 -0.100000 0.789239
v 0.015000 -0.100000 0.790000
v 0.011173 -0.100000 0.789239
v 0.007929 -0.100000 0.787071
v 0.005761 -0.100000 0.783827
v 0.005000 -0.100000 0.780000
v 0.005761 -0.100000 0.776173
v 0.007929 -0.100000 0.772929
v 0.011173 -0.100000 0.770761
vn 0.1951 -0.0000 -0.9808
vn 0.5556 -0.0000 -0.8315
vn 0.8315 -0.0000 -0.5556
vn 0.9808 -0.0000 -0.1951
vn 0.9808 -0.0000 0.1951
vn 0.8315 -0.0000 0.5556
vn 0.5556 -0.0000 0.8315
vn 0.1951 -0.0000 0.9808
vn -0.1951 -0.0000 0.9808
vn -0.5556 -0.0000 0.8315
vn -0.8315 -0.0000 0.5556
vn -0.9808 -0.0000 0.1951
vn -0.9808 -0.0000 -0.1951
vn -0.8315 -0.0000 -0.5556
vn -0.5556 -0.0000 -0.8315
vn -0.1951 -0.0000 -0.9808
s 0
usemtl 1_grid
f 1057//529 1073//529 1074//529 1058//529
f 1058//530 1074//530 1075//530 1059//530
f 1059//531 1075//531 1076//531 1060//531
f 1060//532 1076//532 1077//532 1061//532
f 1061//533 1077//533 1078//533 1062//533
f 1062//534 1078//534 1079//534 1063//534
f 1063//535 1079//535 1080//535 1064//535
f 1064//536 1080//536 1081//536 1065//536
f 1065//537 1081//537 1082//537 1066//537
f 1066//538 1082//538 1083//538 1067//538
f 1067//539 1083//539 1084//539 1068//539
f 1068//540 1084//540 1085//540 1069//540
f 1069//541 1085//541 1086//541 1070//541
f 1070//542 1086//542 1087//542 1071//542
f 1071//543 1087//543 1088//543 1072//543
f 1072//544 1088//544 1073//544 1057//544
o Parent
v 0.015000 -3.100000 0.810000
v 0.018827 -3.100000 0.810761
v 0.022071 -3.100000 0.812929
v 0.024239 -3.100000 0.816173
v 0.025000 -3.100000 0.820000
v 0.024239 -3.100000 0.823827
v 0.022071 -3.100000 0.827071
v 0.018827 -3.100000 0.829239
v 0.015000 -3.100000 0.830000
v 0.011173 -3.100000 0.829239
v 0.007929 -3.100000 0.827071
v 0.005761 -3.100000 0.823827
v 0.005000 -3.100000 0.820000
v 0.005761 -3.100000 0.816173
v 0.007929 -3.100000 0.812929
v 0.011173 -3.100000 0.810761
v 0.015000 -0.100000 0.810000
v 0.018827 -0.100000 0.810761
v 0.022071 -0.100000 0.812929
v 0.024239 -0.100000 0.816173
v 0.025000 -0.100000 0.820000
v 0.024239 -0.100000 0.823827
v 0.022071 -0.100000 0.827071
v 0.018827 -0.100000 0.829239
v 0.015000 -0.100000 0.830000
v 0.011173 -0.100000 0.829239
v 0.007929 -0.100000 0.827071
v 0.005761 -0.100000 0.823827
v 0.005000 -0.100000 0.820000
v 0.005761 -0.100000 0.816173
v 0.007929 -0.100000 0.812929
v 0.011173 -0.100000 0.810761
vn 0.1951 -0.0000 -0.9808
vn 0.5556 -0.0000 -0.8315
vn 0.8315 -0.0000 -0.5556
vn 0.9808 -0.0000 -0.1951
vn 0.9808 -0.0000 0.1951
vn 0.8315 -0.0000 0.5556
vn 0.5556 -0.0000 0.8315
vn 0.1951 -0.0000 0.9808
vn -0.1951 -0.0000 0.9808
vn -0.5556 -0.0000 0.8315
vn -0.8315 -0.0000 0.5556
vn -0.9808 -0.0000 0.1951
vn -0.9808 -0.0000 -0.1951
vn -0.8315 -0.0000 -0.5556
vn -0.5556 -0.0000 -0.8315
vn -0.1951 -0.0000 -0.9808
s 0
usemtl 1_grid
f 1089//545 1105//545 1106//545 1090//545
f 1090//546 1106//546 1107//546 1091//546
f 1091//547 1107//547 1108//547 1092//547
f 1092//548 1108//548 1109//548 1093//548
f 1093//549 1109//549 1110//549 1094//549
f 1094//550 1110//550 1111//550 1095//550
f 1095//551 1111//551 1112//551 1096//551
f 1096//552 1112//552 1113//552 1097//552
f 1097//553 1113//553 1114//553 1098//553
f 1098//554 1114//554 1115//554 1099//554
f 1099//555 1115//555 1116//555 1100//555
f 1100//556 1116//556 1117//556 1101//556
f 1101//557 1117//557 1118//557 1102//557
f 1102//558 1118//558 1119//558 1103//558
f 1103//559 1119//559 1120//559 1104//559
f 1104//560 1120//560 1105//560 1089//560
o Parent
v 0.015000 -3.100000 0.850000
v 0.018827 -3.100000 0.850761
v 0.022071 -3.100000 0.852929
v 0.024239 -3.100000 0.856173
v 0.025000 -3.100000 0.860000
v 0.024239 -3.100000 0.863827
v 0.022071 -3.100000 0.867071
v 0.018827 -3.100000 0.869239
v 0.015000 -3.100000 0.870000
v 0.011173 -3.100000 0.869239
v 0.007929 -3.100000 0.867071
v 0.005761 -3.100000 0.863827
v 0.005000 -3.100000 0.860000
v 0.005761 -3.100000 0.856173
v 0.007929 -3.100000 0.852929
v 0.011173 -3.100000 0.850761
v 0.015000 -0.100000 0.850000
v 0.018827 -0.100000 0.850761
v 0.022071 -0.100000 0.852929
v 0.024239 -0.100000 0.856173
v 0.025000 -0.100000 0.860000
v 0.024239 -0.100000 0.863827
v 0.022071 -0.100000 0.867071
v 0.018827 -0.100000 0.869239
v 0.015000 -0.100000 0.870000
v 0.011173 -0.100000 0.869239
v 0.007929 -0.100000 0.867071
v 0.005761 -0.100000 0.863827
v 0.005000 -0.100000 0.860000
v 0.005761 -0.100000 0.856173
v 0.007929 -0.100000 0.852929
v 0.011173 -0.100000 0.850761
vn 0.1951 -0.0000 -0.9808
vn 0.5556 -0.0000 -0.8315
vn 0.8315 -0.0000 -0.5556
vn 0.9808 -0.0000 -0.1951
vn 0.9808 -0.0000 0.1951
vn 0.8315 -0.0000 0.5556
vn 0.5556 -0.0000 0.8315
vn 0.1951 -0.0000 0.9808
vn -0.1951 -0.0000 0.9808
vn -0.5556 -0.0000 0.8315
vn -0.8315 -0.0000 0.5556
vn -0.9808 -0.0000 0.1951
vn -0.9808 -0.0000 -0.1951
vn -0.8315 -0.0000 -0.5556
vn -0.5556 -0.0000 -0.8315
vn -0.1951 -0.0000 -0.9808
s 0
usemtl 1_grid
f 1121//561 1137//561 1138//561 1122//561
f 1122//562 1138//562 1139//562 1123//562
f 1123//563 1139//563 1140//563 1124//563
f 1124//564 1140//564 1141//564 1125//564
f 1125//565 1141//565 1142//565 1126//565
f 1126//566 1142//566 1143//566 1127//566
f 1127//567 1143//567 1144//567 1128//567
f 1128//568 1144//568 1145//568 1129//568
f 1129//569 1145//569 1146//569 1130//569
f 1130//570 1146//570 1147//570 1131//570
f 1131//571 1147//571 1148//571 1132//571
f 1132//572 1148//572 1149//572 1133//572
f 1133//573 1149//573 1150//573 1134//573
f 1134//574 1150//574 1151//574 1135//574
f 1135//575 1151//575 1152//575 1136//575
f 1136//576 1152//576 1137//576 1121//576
o Parent
v 0.015000 -3.100000 0.890000
v 0.018827 -3.100000 0.890761
v 0.022071 -3.100000 0.892929
v 0.024239 -3.100000 0.896173
v 0.025000 -3.100000 0.900000
v 0.024239 -3.100000 0.903827
v 0.022071 -3.100000 0.907071
v 0.018827 -3.100000 0.909239
v 0.015000 -3.100000 0.910000
v 0.011173 -3.100000 0.909239
v 0.007929 -3.100000 0.907071
v 0.005761 -3.100000 0.903827
v 0.005000 -3.100000 0.900000
v 0.005761 -3.100000 0.896173
v 0.007929 -3.100000 0.892929
v 0.011173 -3.100000 0.890761
v 0.015000 -0.100000 0.890000
v 0.018827 -0.100000 0.890761
v 0.022071 -0.100000 0.892929
v 0.024239 -0.100000 0.896173
v 0.025000 -0.100000 0.900000
v 0.024239 -0.100000 0.903827
v 0.022071 -0.100000 0.907071
v 0.018827 -0.100000 0.909239
v 0.015000 -0.100000 0.910000
v 0.011173 -0.100000 0.909239
v 0.007929 -0.100000 0.907071
v 0.005761 -0.100000 0.903827
v 0.005000 -0.100000 0.900000
v 0.005761 -0.100000 0.896173
v 0.007929 -0.100000 0.892929
v 0.011173 -0.100000 0.890761
vn 0.1951 -0.0000 -0.9808
vn 0.5556 -0.0000 -0.8315
vn 0.8315 -0.0000 -0.5556
vn 0.9808 -0.0000 -0.1951
vn 0.9808 -0.0000 0.1951
vn 0.8315 -0.0000 0.5556
vn 0.5556 -0.0000 0.8315
vn 0.1951 -0.0000 0.9808
vn -0.1951 -0.0000 0.9808
vn -0.5556 -0.0000 0.8315
vn -0.8315 -0.0000 0.5556
vn -0.9808 -0.0000 0.1951
vn -0.9808 -0.0000 -0.1951
vn -0.8315 -0.0000 -0.5556
vn -0.5556 -0.0000 -0.8315
vn -0.1951 -0.0000 -0.9808
s 0
usemtl 1_grid
f 1153//577 1169//577 1170//577 1154//577
f 1154//578 1170//578 1171//578 1155//578
f 1155//579 1171//579 1172//579 1156//579
f 1156//580 1172//580 1173//580 1157//580
f 1157//581 1173//581 1174//581 1158//581
f 1158//582 1174//582 1175//582 1159//582
f 1159//583 1175//583 1176//583 1160//583
f 1160//584 1176//584 1177//584 1161//584
f 1161//585 1177//585 1178//585 1162//585
f 1162//586 1178//586 1179//586 1163//586
f 1163//587 1179//587 1180//587 1164//587
f 1164//588 1180//588 1181//588 1165//588
f 1165//589 1181//589 1182//589 1166//589
f 1166//590 1182//590 1183//590 1167//590
f 1167//591 1183//591 1184//591 1168//591
f 1168//592 1184//592 1169//592 1153//592
o Parent
v 0.015000 -3.100000 0.930000
v 0.018827 -3.100000 0.930761
v 0.022071 -3.100000 0.932929
v 0.024239 -3.100000 0.936173
v 0.025000 -3.100000 0.940000
v 0.024239 -3.100000 0.943827
v 0.022071 -3.100000 0.947071
v 0.018827 -3.100000 0.949239
v 0.015000 -3.100000 0.950000
v 0.011173 -3.100000 0.949239
v 0.007929 -3.100000 0.947071
v 0.005761 -3.100000 0.943827
v 0.005000 -3.100000 0.940000
v 0.005761 -3.100000 0.936173
v 0.007929 -3.100000 0.932929
v 0.011173 -3.100000 0.930761
v 0.015000 -0.100000 0.930000
v 0.018827 -0.100000 0.930761
v 0.022071 -0.100000 0.932929
v 0.024239 -0.100000 0.936173
v 0.025000 -0.100000 0.940000
v 0.024239 -0.100000 0.943827
v 0.022071 -0.100000 0.947071
v 0.018827 -0.100000 0.949239
v 0.015000 -0.100000 0.950000
v 0.011173 -0.100000 0.949239
v 0.007929 -0.100000 0.947071
v 0.005761 -0.100000 0.943827
v 0.005000 -0.100000 0.940000
v 0.005761 -0.100000 0.936173
v 0.007929 -0.100000 0.932929
v 0.011173 -0.100000 0.930761
vn 0.1951 -0.0000 -0.9808
vn 0.5556 -0.0000 -0.8315
vn 0.8315 -0.0000 -0.5556
vn 0.9808 -0.0000 -0.1951
vn 0.9808 -0.0000 0.1951
vn 0.8315 -0.0000 0.5556
vn 0.5556 -0.0000 0.8315
vn 0.1951 -0.0000 0.9808
vn -0.1951 -0.0000 0.9808
vn -0.5556 -0.0000 0.8315
vn -0.8315 -0.0000 0.5556
vn -0.9808 -0.0000 0.1951
vn -0.9808 -0.0000 -0.1951
vn -0.8315 -0.0000 -0.5556
vn -0.5556 -0.0000 -0.8315
vn -0.1951 -0.0000 -0.9808
s 0
usemtl 1_grid
f 1185//593 1201//593 1202//593 1186//593
f 1186//594 1202//594 1203//594 1187//594
f 1187//595 1203//595 1204//595 1188//595
f 1188//596 1204//596 1205//596 1189//596
f 1189//597 1205//597 1206//597 1190//597
f 1190//598 1206//598 1207//598 1191//598
f 1191//599 1207//599 1208//599 1192//599
f 1192//600 1208//600 1209//600 1193//600
f 1193//601 1209//601 1210//601 1194//601
f 1194//602 1210//602 1211//602 1195//602
f 1195//603 1211//603 1212//603 1196//603
f 1196//604 1212//604 1213//604 1197//604
f 1197//605 1213//605 1214//605 1198//605
f 1198//606 1214//606 1215//606 1199//606
f 1199//607 1215//607 1216//607 1200//607
f 1200//608 1216//608 1201//608 1185//608
o Parent
v 0.015000 -3.100000 0.970000
v 0.018827 -3.100000 0.970761
v 0.022071 -3.100000 0.972929
v 0.024239 -3.100000 0.976173
v 0.025000 -3.100000 0.980000
v 0.024239 -3.100000 0.983827
v 0.022071 -3.100000 0.987071
v 0.018827 -3.100000 0.989239
v 0.015000 -3.100000 0.990000
v 0.011173 -3.100000 0.989239
v 0.007929 -3.100000 0.987071
v 0.005761 -3.100000 0.983827
v 0.005000 -3.100000 0.980000
v 0.005761 -3.100000 0.976173
v 0.007929 -3.100000 0.972929
v 0.011173 -3.100000 0.970761
v 0.015000 -0.100000 0.970000
v 0.018827 -0.100000 0.970761
v 0.022071 -0.100000 0.972929
v 0.024239 -0.100000 0.976173
v 0.025000 -0.100000 0.980000
v 0.024239 -0.100000 0.983827
v 0.022071 -0.100000 0.987071
v 0.018827 -0.100000 0.989239
v 0.015000 -0.100000 0.990000
v 0.011173 -0.100000 0.989239
v 0.007929 -0.100000 0.987071
v 0.005761 -0.100000 0.983827
v 0.005000 -0.100000 0.980000
v 0.005761 -0.100000 0.976173
v 0.007929 -0.100000 0.972929
v 0.011173 -0.100000 0.970761
vn 0.1951 -0.0000 -0.9808
vn 0.5556 -0.0000 -0.8315
vn 0.8315 -0.0000 -0.5556
vn 0.9808 -0.0000 -0.1951
vn 0.9808 -0.0000 0.1951
vn 0.8315 -0.0000 0.5556
vn 0.5556 -0.0000 0.8315
vn 0.1951 -0.0000 0.9808
vn -0.1951 -0.0000 0.9808
vn -0.5556 -0.0000 0.8315
vn -0.8315 -0.0000 0.5556
vn -0.9808 -0.0000 0.1951
vn -0.9808 -0.0000 -0.1951
vn -0.8315 -0.0000 -0.5556
vn -0.5556 -0.0000 -0.8315
vn -0.1951 -0.0000 -0.9808
s 0
usemtl 1_grid
f 1217//609 1233//609 1234//609 1218//609
f 1218//610 1234//610 1235//610 1219//610
f 1219//611 1235//611 1236//611 1220//611
f 1220//612 1236//612 1237//612 1221//612
f 1221//613 1237//613 1238//613 1222//613
f 1222//614 1238//614 1239//614 1223//614
f 1223//615 1239//615 1240//615 1224//615
f 1224//616 1240//616 1241//616 1225//616
f 1225//617 1241//617 1242//617 1226//617
f 1226//618 1242//618 1243//618 1227//618
f 1227//619 1243//619 1244//619 1228//619
f 1228//620 1244//620 1245//620 1229//620
f 1229//621 1245//621 1246//621 1230//621
f 1230//622 1246//622 1247//622 1231//622
f 1231//623 1247//623 1248//623 1232//623
f 1232//624 1248//624 1233//624 1217//624
o Parent
v 0.015000 -3.100000 1.010000
v 0.018827 -3.100000 1.010761
v 0.022071 -3.100000 1.012929
v 0.024239 -3.100000 1.016173
v 0.025000 -3.100000 1.020000
v 0.024239 -3.100000 1.023827
v 0.022071 -3.100000 1.027071
v 0.018827 -3.100000 1.029239
v 0.015000 -3.100000 1.030000
v 0.011173 -3.100000 1.029239
v 0.007929 -3.100000 1.027071
v 0.005761 -3.100000 1.023827
v 0.005000 -3.100000 1.020000
v 0.005761 -3.100000 1.016173
v 0.007929 -3.100000 1.012929
v 0.011173 -3.100000 1.010761
v 0.015000 -0.100000 1.010000
v 0.018827 -0.100000 1.010761
v 0.022071 -0.100000 1.012929
v 0.024239 -0.100000 1.016173
v 0.025000 -0.100000 1.020000
v 0.024239 -0.100000 1.023827
v 0.022071 -0.100000 1.027071
v 0.018827 -0.100000 1.029239
v 0.015000 -0.100000 1.030000
v 0.011173 -0.100000 1.029239
v 0.007929 -0.100000 1.027071
v 0.005761 -0.100000 1.023827
v 0.005000 -0.100000 1.020000
v 0.005761 -0.100000 1.016173
v 0.007929 -0.100000 1.012929
v 0.011173 -0.100000 1.010761
vn 0.1951 -0.0000 -0.9808
vn 0.5556 -0.0000 -0.8315
vn 0.8315 -0.0000 -0.5556
vn 0.9808 -0.0000 -0.1951
vn 0.9808 -0.0000 0.1951
vn 0.8315 -0.0000 0.5556
vn 0.5556 -0.0000 0.8315
vn 0.1951 -0.0000 0.9808
vn -0.1951 -0.0000 0.9808
vn -0.5556 -0.0000 0.8315
vn -0.8315 -0.0000 0.5556
vn -0.9808 -0.0000 0.1951
vn -0.9808 -0.0000 -0.1951
vn -0.8315 -0.0000 -0.5556
vn -0.5556 -0.0000 -0.8315
vn -0.1951 -0.0000 -0.9808
s 0
usemtl 1_grid
f 1249//625 1265//625 1266//625 1250//625
f 1250//626 1266//626 1267//626 1251//626
f 1251//627 1267//627 1268//627 1252//627
f 1252//628 1268//628 1269//628 1253//628
f 1253//629 1269//629 1270//629 1254//629
f 1254//630 1270//630 1271//630 1255//630
f 1255//631 1271//631 1272//631 1256//631
f 1256//632 1272//632 1273//632 1257//632
f 1257//633 1273//633 1274//633 1258//633
f 1258//634 1274//634 1275//634 1259//634
f 1259//635 1275//635 1276//635 1260//635
f 1260//636 1276//636 1277//636 1261//636
f 1261//637 1277//637 1278//637 1262//637
f 1262//638 1278//638 1279//638 1263//638
f 1263//639 1279//639 1280//639 1264//639
f 1264//640 1280//640 1265//640 1249//640
o Parent
v 0.015000 -3.100000 1.050000
v 0.018827 -3.100000 1.050761
v 0.022071 -3.100000 1.052929
v 0.024239 -3.100000 1.056173
v 0.025000 -3.100000 1.060000
v 0.024239 -3.100000 1.063827
v 0.022071 -3.100000 1.067071
v 0.018827 -3.100000 1.069239
v 0.015000 -3.100000 1.070000
v 0.011173 -3.100000 1.069239
v 0.007929 -3.100000 1.067071
v 0.005761 -3.100000 1.063827
v 0.005000 -3.100000 1.060000
v 0.005761 -3.100000 1.056173
v 0.007929 -3.100000 1.052929
v 0.011173 -3.100000 1.050761
v 0.015000 -0.100000 1.050000
v 0.018827 -0.100000 1.050761
v 0.022071 -0.100000 1.052929
v 0.024239 -0.100000 1.056173
v 0.025000 -0.100000 1.060000
v 0.024239 -0.100000 1.063827
v 0.022071 -0.100000 1.067071
v 0.018827 -0.100000 1.069239
v 0.015000 -0.100000 1.070000
v 0.011173 -0.100000 1.069239
v 0.007929 -0.100000 1.067071
v 0.005761 -0.100000 1.063827
v 0.005000 -0.100000 1.060000
v 0.005761 -0.100000 1.056173
v 0.007929 -0.100000 1.052929
v 0.011173 -0.100000 1.050761
vn 0.1951 -0.0000 -0.9808
vn 0.5556 -0.0000 -0.8315
vn 0.8315 -0.0000 -0.5556
vn 0.9808 -0.0000 -0.1951
vn 0.9808 -0.0000 0.1951
vn 0.8315 -0.0000 0.5556
vn 0.5556 -0.0000 0.8315
vn 0.1951 -0.0000 0.9808
vn -0.1951 -0.0000 0.9808
vn -0.5556 -0.0000 0.8315
vn -0.8315 -0.0000 0.5556
vn -0.9808 -0.0000 0.1951
vn -0.9808 -0.0000 -0.1951
vn -0.8315 -0.0000 -0.5556
vn -0.5556 -0.0000 -0.8315
vn -0.1951 -0.0000 -0.9808
s 0
usemtl 1_grid
f 1281//641 1297//641 1298//641 1282//641
f 1282//642 1298//642 1299//642 1283//642
f 1283//643 1299//643 1300//643 1284//643
f 1284//644 1300//644 1301//644 1285//644
f 1285//645 1301//645 1302//645 1286//645
f 1286//646 1302//646 1303//646 1287//646
f 1287//647 1303//647 1304//647 1288//647
f 1288//648 1304//648 1305//648 1289//648
f 1289//649 1305//649 1306//649 1290//649
f 1290//650 1306//650 1307//650 1291//650
f 1291//651 1307//651 1308//651 1292//651
f 1292//652 1308//652 1309//652 1293//652
f 1293//653 1309//653 1310//653 1294//653
f 1294//654 1310//654 1311//654 1295//654
f 1295//655 1311//655 1312//655 1296//655
f 1296//656 1312//656 1297//656 1281//656
o Parent
v 0.015000 -3.100000 1.090000
v 0.018827 -3.100000 1.090761
v 0.022071 -3.100000 1.092929
v 0.024239 -3.100000 1.096173
v 0.025000 -3.100000 1.100000
v 0.024239 -3.100000 1.103827
v 0.022071 -3.100000 1.107071
v 0.018827 -3.100000 1.109239
v 0.015000 -3.100000 1.110000
v 0.011173 -3.100000 1.109239
v 0.007929 -3.100000 1.107071
v 0.005761 -3.100000 1.103827
v 0.005000 -3.100000 1.100000
v 0.005761 -3.100000 1.096173
v 0.007929 -3.100000 1.092929
v 0.011173 -3.100000 1.090761
v 0.015000 -0.100000 1.090000
v 0.018827 -0.100000 1.090761
v 0.022071 -0.100000 1.092929
v 0.024239 -0.100000 1.096173
v 0.025000 -0.100000 1.100000
v 0.024239 -0.100000 1.103827
v 0.022071 -0.100000 1.107071
v 0.018827 -0.100000 1.109239
v 0.015000 -0.100000 1.110000
v 0.011173 -0.100000 1.109239
v 0.007929 -0.100000 1.107071
v 0.005761 -0.100000 1.103827
v 0.005000 -0.100000 1.100000
v 0.005761 -0.100000 1.096173
v 0.007929 -0.100000 1.092929
v 0.011173 -0.100000 1.090761
vn 0.1951 -0.0000 -0.9808
vn 0.5556 -0.0000 -0.8315
vn 0.8315 -0.0000 -0.5556
vn 0.9808 -0.0000 -0.1951
vn 0.9808 -0.0000 0.1951
vn 0.8315 -0.0000 0.5556
vn 0.5556 -0.0000 0.8315
vn 0.1951 -0.0000 0.9808
vn -0.1951 -0.0000 0.9808
vn -0.5556 -0.0000 0.8315
vn -0.8315 -0.0000 0.5556
vn -0.9808 -0.0000 0.1951
vn -0.9808 -0.0000 -0.1951
vn -0.8315 -0.0000 -0.5556
vn -0.5556 -0.0000 -0.8315
vn -0.1951 -0.0000 -0.9808
s 0
usemtl 1_grid
f 1313//657 1329//657 1330//657 1314//657
f 1314//658 1330//658 1331//658 1315//658
f 1315//659 1331//659 1332//659 1316//659
f 1316//660 1332//660 1333//660 1317//660
f 1317//661 1333//661 1334//661 1318//661
f 1318//662 1334//662 1335//662 1319//662
f 1319//663 1335//663 1336//663 1320//663
f 1320//664 1336//664 1337//664 1321//664
f 1321//665 1337//665 1338//665 1322//665
f 1322//666 1338//666 1339//666 1323//666
f 1323//667 1339//667 1340//667 1324//667
f 1324//668 1340//668 1341//668 1325//668
f 1325//669 1341//669 1342//669 1326//669
f 1326//670 1342//670 1343//670 1327//670
f 1327//671 1343//671 1344//671 1328//671
f 1328//672 1344//672 1329//672 1313//672
o Parent
v 0.015000 -3.100000 1.130000
v 0.018827 -3.100000 1.130761
v 0.022071 -3.100000 1.132929
v 0.024239 -3.100000 1.136173
v 0.025000 -3.100000 1.140000
v 0.024239 -3.100000 1.143827
v 0.022071 -3.100000 1.147071
v 0.018827 -3.100000 1.149239
v 0.015000 -3.100000 1.150000
v 0.011173 -3.100000 1.149239
v 0.007929 -3.100000 1.147071
v 0.005761 -3.100000 1.143827
v 0.005000 -3.100000 1.140000
v 0.005761 -3.100000 1.136173
v 0.007929 -3.100000 1.132929
v 0.011173 -3.100000 1.130761
v 0.015000 -0.100000 1.130000
v 0.018827 -0.100000 1.130761
v 0.022071 -0.100000 1.132929
v 0.024239 -0.100000 1.136173
v 0.025000 -0.100000 1.140000
v 0.024239 -0.100000 1.143827
v 0.022071 -0.100000 1.147071
v 0.018827 -0.100000 1.149239
v 0.015000 -0.100000 1.150000
v 0.011173 -0.100000 1.149239
v 0.007929 -0.100000 1.147071
v 0.005761 -0.100000 1.143827
v 0.005000 -0.100000 1.140000
v 0.005761 -0.100000 1.136173
v 0.007929 -0.100000 1.132929
v 0.011173 -0.100000 1.130761
vn 0.1951 -0.0000 -0.9808
vn 0.5556 -0.0000 -0.8315
vn 0.8315 -0.0000 -0.5556
vn 0.9808 -0.0000 -0.1951
vn 0.9808 -0.0000 0.1951
vn 0.8315 -0.0000 0.5556
vn 0.5556 -0.0000 0.8315
vn 0.1951 -0.0000 0.9808
vn -0.1951 -0.0000 0.9808
vn -0.5556 -0.0000 0.8315
vn -0.8315 -0.0000 0.5556
vn -0.9808 -0.0000 0.1951
vn -0.9808 -0.0000 -0.1951
vn -0.8315 -0.0000 -0.5556
vn -0.5556 -0.0000 -0.8315
vn -0.1951 -0.0000 -0.9808
s 0
usemtl 1_grid
f 1345//673 1361//673 1362//673 1346//673
f 1346//674 1362//674 1363//674 1347//674
f 1347//675 1363//675 1364//675 1348//675
f 1348//676 1364//676 1365//676 1349//676
f 1349//677 1365//677 1366//677 1350//677
f 1350//678 1366//678 1367//678 1351//678
f 1351//679 1367//679 1368//679 1352//679
f 1352//680 1368//680 1369//680 1353//680
f 1353//681 1369//681 1370//681 1354//681
f 1354//682 1370//682 1371//682 1355//682
f 1355//683 1371//683 1372//683 1356//683
f 1356//684 1372//684 1373//684 1357//684
f 1357//685 1373//685 1374//685 1358//685
f 1358//686 1374//686 1375//686 1359//686
f 1359//687 1375//687 1376//687 1360//687
f 1360//688 1376//688 1361//688 1345//688
o Parent
v 0.015000 -3.100000 1.170000
v 0.018827 -3.100000 1.170761
v 0.022071 -3.100000 1.172929
v 0.024239 -3.100000 1.176173
v 0.025000 -3.100000 1.180000
v 0.024239 -3.100000 1.183827
v 0.022071 -3.100000 1.187071
v 0.018827 -3.100000 1.189239
v 0.015000 -3.100000 1.190000
v 0.011173 -3.100000 1.189239
v 0.007929 -3.100000 1.187071
v 0.005761 -3.100000 1.183827
v 0.005000 -3.100000 1.180000
v 0.005761 -3.100000 1.176173
v 0.007929 -3.100000 1.172929
v 0.011173 -3.100000 1.170761
v 0.015000 -0.100000 1.170000
v 0.018827 -0.100000 1.170761
v 0.022071 -0.100000 1.172929
v 0.024239 -0.100000 1.176173
v 0.025000 -0.100000 1.180000
v 0.024239 -0.100000 1.183827
v 0.022071 -0.100000 1.187071
v 0.018827 -0.100000 1.189239
v 0.015000 -0.100000 1.190000
v 0.011173 -0.100000 1.189239
v 0.007929 -0.100000 1.187071
v 0.005761 -0.100000 1.183827
v 0.005000 -0.100000 1.180000
v 0.005761 -0.100000 1.176173
v 0.007929 -0.100000 1.172929
v 0.011173 -0.100000 1.170761
vn 0.1951 -0.0000 -0.9808
vn 0.5556 -0.0000 -0.8315
vn 0.8315 -0.0000 -0.5556
vn 0.9808 -0.0000 -0.1951
vn 0.9808 -0.0000 0.1951
vn 0.8315 -0.0000 0.5556
vn 0.5556 -0.0000 0.8315
vn 0.1951 -0.0000 0.9808
vn -0.1951 -0.0000 0.9808
vn -0.5556 -0.0000 0.8315
vn -0.8315 -0.0000 0.5556
vn -0.9808 -0.0000 0.1951
vn -0.9808 -0.0000 -0.1951
vn -0.8315 -0.0000 -0.5556
vn -0.5556 -0.0000 -0.8315
vn -0.1951 -0.0000 -0.9808
s 0
usemtl 1_grid
f 1377//689 1393//689 1394//689 1378//689
f 1378//690 1394//690 1395//690 1379//690
f 1379//691 1395//691 1396//691 1380//691
f 1380//692 1396//692 1397//692 1381//692
f 1381//693 1397//693 1398//693 1382//693
f 1382//694 1398//694 1399//694 1383//694
f 1383//695 1399//695 1400//695 1384//695
f 1384//696 1400//696 1401//696 1385//696
f 1385//697 1401//697 1402//697 1386//697
f 1386//698 1402//698 1403//698 1387//698
f 1387//699 1403//699 1404//699 1388//699
f 1388//700 1404//700 1405//700 1389//700
f 1389//701 1405//701 1406//701 1390//701
f 1390//702 1406//702 1407//702 1391//702
f 1391//703 1407//703 1408//703 1392//703
f 1392//704 1408//704 1393//704 1377//704
o Parent
v 0.015000 -3.100000 1.210000
v 0.018827 -3.100000 1.210761
v 0.022071 -3.100000 1.212929
v 0.024239 -3.100000 1.216173
v 0.025000 -3.100000 1.220000
v 0.024239 -3.100000 1.223827
v 0.022071 -3.100000 1.227071
v 0.018827 -3.100000 1.229239
v 0.015000 -3.100000 1.230000
v 0.011173 -3.100000 1.229239
v 0.007929 -3.100000 1.227071
v 0.005761 -3.100000 1.223827
v 0.005000 -3.100000 1.220000
v 0.005761 -3.100000 1.216173
v 0.007929 -3.100000 1.212929
v 0.011173 -3.100000 1.210761
v 0.015000 -0.100000 1.210000
v 0.018827 -0.100000 1.210761
v 0.022071 -0.100000 1.212929
v 0.024239 -0.100000 1.216173
v 0.025000 -0.100000 1.220000
v 0.024239 -0.100000 1.223827
v 0.022071 -0.100000 1.227071
v 0.018827 -0.100000 1.229239
v 0.015000 -0.100000 1.230000
v 0.011173 -0.100000 1.229239
v 0.007929 -0.100000 1.227071
v 0.005761 -0.100000 1.223827
v 0.005000 -0.100000 1.220000
v 0.005761 -0.100000 1.216173
v 0.007929 -0.100000 1.212929
v 0.011173 -0.100000 1.210761
vn 0.1951 -0.0000 -0.9808
vn 0.5556 -0.0000 -0.8315
vn 0.8315 -0.0000 -0.5556
vn 0.9808 -0.0000 -0.1951
vn 0.9808 -0.0000 0.1951
vn 0.8315 -0.0000 0.5556
vn 0.5556 -0.0000 0.8315
vn 0.1951 -0.0000 0.9808
vn -0.1951 -0.0000 0.9808
vn -0.5556 -0.0000 0.8315
vn -0.8315 -0.0000 0.5556
vn -0.9808 -0.0000 0.1951
vn -0.9808 -0.0000 -0.1951
vn -0.8315 -0.0000 -0.5556
vn -0.5556 -0.0000 -0.8315
vn -0.1951 -0.0000 -0.9808
s 0
usemtl 1_grid
f 1409//705 1425//705 1426//705 1410//705
f 1410//706 1426//706 1427//706 1411//706
f 1411//707 1427//707 1428//707 1412//707
f 1412//708 1428//708 1429//708 1413//708
f 1413//709 1429//709 1430//709 1414//709
f 1414//710 1430//710 1431//710 1415//710
f 1415//711 1431//711 1432//711 1416//711
f 1416//712 1432//712 1433//712 1417//712
f 1417//713 1433//713 1434//713 1418//713
f 1418//714 1434//714 1435//714 1419//714
f 1419//715 1435//715 1436//715 1420//715
f 1420//716 1436//716 1437//716 1421//716
f 1421//717 1437//717 1438//717 1422//717
f 1422//718 1438//718 1439//718 1423//718
f 1423//719 1439//719 1440//719 1424//719
f 1424//720 1440//720 1425//720 1409//720
o Parent
v 0.015000 -3.100000 1.250000
v 0.018827 -3.100000 1.250761
v 0.022071 -3.100000 1.252929
v 0.024239 -3.100000 1.256173
v 0.025000 -3.100000 1.260000
v 0.024239 -3.100000 1.263827
v 0.022071 -3.100000 1.267071
v 0.018827 -3.100000 1.269239
v 0.015000 -3.100000 1.270000
v 0.011173 -3.100000 1.269239
v 0.007929 -3.100000 1.267071
v 0.005761 -3.100000 1.263827
v 0.005000 -3.100000 1.260000
v 0.005761 -3.100000 1.256173
v 0.007929 -3.100000 1.252929
v 0.011173 -3.100000 1.250761
v 0.015000 -0.100000 1.250000
v 0.018827 -0.100000 1.250761
v 0.022071 -0.100000 1.252929
v 0.024239 -0.100000 1.256173
v 0.025000 -0.100000 1.260000
v 0.024239 -0.100000 1.263827
v 0.022071 -0.100000 1.267071
v 0.018827 -0.100000 1.269239
v 0.015000 -0.100000 1.270000
v 0.011173 -0.100000 1.269239
v 0.007929 -0.100000 1.267071
v 0.005761 -0.100000 1.263827
v 0.005000 -0.100000 1.260000
v 0.005761 -0.100000 1.256173
v 0.007929 -0.100000 1.252929
v 0.011173 -0.100000 1.250761
vn 0.1951 -0.0000 -0.9808
vn 0.5556 -0.0000 -0.8315
vn 0.8315 -0.0000 -0.5556
vn 0.9808 -0.0000 -0.1951
vn 0.9808 -0.0000 0.1951
vn 0.8315 -0.0000 0.5556
vn 0.5556 -0.0000 0.8315
vn 0.1951 -0.0000 0.9808
vn -0.1951 -0.0000 0.9808
vn -0.5556 -0.0000 0.8315
vn -0.8315 -0.0000 0.5556
vn -0.9808 -0.0000 0.1951
vn -0.9808 -0.0000 -0.1951
vn -0.8315 -0.0000 -0.5556
vn -0.5556 -0.0000 -0.8315
vn -0.1951 -0.0000 -0.9808
s 0
usemtl 1_grid
f 1441//721 1457//721 1458//721 1442//721
f 1442//722 1458//722 1459//722 1443//722
f 1443//723 1459//723 1460//723 1444//723
f 1444//724 1460//724 1461//724 1445//724
f 1445//725 1461//725 1462//725 1446//725
f 1446//726 1462//726 1463//726 1447//726
f 1447//727 1463//727 1464//727 1448//727
f 1448//728 1464//728 1465//728 1449//728
f 1449//729 1465//729 1466//729 1450//729
f 1450//730 1466//730 1467//730 1451//730
f 1451//731 1467//731 1468//731 1452//731
f 1452//732 1468//732 1469//732 1453//732
f 1453//733 1469//733 1470//733 1454//733
f 1454//734 1470//734 1471//734 1455//734
f 1455//735 1471//735 1472//735 1456//735
f 1456//736 1472//736 1457//736 1441//736
o Parent
v 0.015000 -3.100000 1.290000
v 0.018827 -3.100000 1.290761
v 0.022071 -3.100000 1.292929
v 0.024239 -3.100000 1.296173
v 0.025000 -3.100000 1.300000
v 0.024239 -3.100000 1.303827
v 0.022071 -3.100000 1.307071
v 0.018827 -3.100000 1.309239
v 0.015000 -3.100000 1.310000
v 0.011173 -3.100000 1.309239
v 0.007929 -3.100000 1.307071
v 0.005761 -3.100000 1.303827
v 0.005000 -3.100000 1.300000
v 0.005761 -3.100000 1.296173
v 0.007929 -3.100000 1.292929
v 0.011173 -3.100000 1.290761
v 0.015000 -0.100000 1.290000
v 0.018827 -0.100000 1.290761
v 0.022071 -0.100000 1.292929
v 0.024239 -0.100000 1.296173
v 0.025000 -0.100000 1.300000
v 0.024239 -0.100000 1.303827
v 0.022071 -0.100000 1.307071
v 0.018827 -0.100000 1.309239
v 0.015000 -0.100000 1.310000
v 0.011173 -0.100000 1.309239
v 0.007929 -0.100000 1.307071
v 0.005761 -0.100000 1.303827
v 0.005000 -0.100000 1.300000
v 0.005761 -0.100000 1.296173
v 0.007929 -0.100000 1.292929
v 0.011173 -0.100000 1.290761
vn 0.1951 -0.0000 -0.9808
vn 0.5556 -0.0000 -0.8315
vn 0.8315 -0.0000 -0.5556
vn 0.9808 -0.0000 -0.1951
vn 0.9808 -0.0000 0.1951
vn 0.8315 -0.0000 0.5556
vn 0.5556 -0.0000 0.8315
vn 0.1951 -0.0000 0.9808
vn -0.1951 -0.0000 0.9808
vn -0.5556 -0.0000 0.8315
vn -0.8315 -0.0000 0.5556
vn -0.9808 -0.0000 0.1951
vn -0.9808 -0.0000 -0.1951
vn -0.8315 -0.0000 -0.5556
vn -0.5556 -0.0000 -0.8315
vn -0.1951 -0.0000 -0.9808
s 0
usemtl 1_grid
f 1473//737 1489//737 1490//737 1474//737
f 1474//738 1490//738 1491//738 1475//738
f 1475//739 1491//739 1492//739 1476//739
f 1476//740 1492//740 1493//740 1477//740
f 1477//741 1493//741 1494//741 1478//741
f 1478//742 1494//742 1495//742 1479//742
f 1479//743 1495//743 1496//743 1480//743
f 1480//744 1496//744 1497//744 1481//744
f 1481//745 1497//745 1498//745 1482//745
f 1482//746 1498//746 1499//746 1483//746
f 1483//747 1499//747 1500//747 1484//747
f 1484//748 1500//748 1501//748 1485//748
f 1485//749 1501//749 1502//749 1486//749
f 1486//750 1502//750 1503//750 1487//750
f 1487//751 1503//751 1504//751 1488//751
f 1488//752 1504//752 1489//752 1473//752
o Parent
v 0.015000 -3.100000 1.330000
v 0.018827 -3.100000 1.330761
v 0.022071 -3.100000 1.332929
v 0.024239 -3.100000 1.336173
v 0.025000 -3.100000 1.340000
v 0.024239 -3.100000 1.343827
v 0.022071 -3.100000 1.347071
v 0.018827 -3.100000 1.349239
v 0.015000 -3.100000 1.350000
v 0.011173 -3.100000 1.349239
v 0.007929 -3.100000 1.347071
v 0.005761 -3.100000 1.343827
v 0.005000 -3.100000 1.340000
v 0.005761 -3.100000 1.336173
v 0.007929 -3.100000 1.332929
v 0.011173 -3.100000 1.330761
v 0.015000 -0.100000 1.330000
v 0.018827 -0.100000 1.330761
v 0.022071 -0.100000 1.332929
v 0.024239 -0.100000 1.336173
v 0.025000 -0.100000 1.340000
v 0.024239 -0.100000 1.343827
v 0.022071 -0.100000 1.347071
v 0.018827 -0.100000 1.349239
v 0.015000 -0.100000 1.350000
v 0.011173 -0.100000 1.349239
v 0.007929 -0.100000 1.347071
v 0.005761 -0.100000 1.343827
v 0.005000 -0.100000 1.340000
v 0.005761 -0.100000 1.336173
v 0.007929 -0.100000 1.332929
v 0.011173 -0.100000 1.330761
vn 0.1951 -0.0000 -0.9808
vn 0.5556 -0.0000 -0.8315
vn 0.8315 -0.0000 -0.5556
vn 0.9808 -0.0000 -0.1951
vn 0.9808 -0.0000 0.1951
vn 0.8315 -0.0000 0.5556
vn 0.5556 -0.0000 0.8315
vn 0.1951 -0.0000 0.9808
vn -0.1951 -0.0000 0.9808
vn -0.5556 -0.0000 0.8315
vn -0.8315 -0.0000 0.5556
vn -0.9808 -0.0000 0.1951
vn -0.9808 -0.0000 -0.1951
vn -0.8315 -0.0000 -0.5556
vn -0.5556 -0.0000 -0.8315
vn -0.1951 -0.0000 -0.9808
s 0
usemtl 1_grid
f 1505//753 1521//753 1522//753 1506//753
f 1506//754 1522//754 1523//754 1507//754
f 1507//755 1523//755 1524//755 1508//755
f 1508//756 1524//756 1525//756 1509//756
f 1509//757 1525//757 1526//757 1510//757
f 1510//758 1526//758 1527//758 1511//758
f 1511//759 1527//759 1528//759 1512//759
f 1512//760 1528//760 1529//760 1513//760
f 1513//761 1529//761 1530//761 1514//761
f 1514//762 1530//762 1531//762 1515//762
f 1515//763 1531//763 1532//763 1516//763
f 1516//764 1532//764 1533//764 1517//764
f 1517//765 1533//765 1534//765 1518//765
f 1518//766 1534//766 1535//766 1519//766
f 1519//767 1535//767 1536//767 1520//767
f 1520//768 1536//768 1521//768 1505//768
o Parent
v 0.015000 -3.100000 1.370000
v 0.018827 -3.100000 1.370761
v 0.022071 -3.100000 1.372929
v 0.024239 -3.100000 1.376173
v 0.025000 -3.100000 1.380000
v 0.024239 -3.100000 1.383827
v 0.022071 -3.100000 1.387071
v 0.018827 -3.100000 1.389239
v 0.015000 -3.100000 1.390000
v 0.011173 -3.100000 1.389239
v 0.007929 -3.100000 1.387071
v 0.005761 -3.100000 1.383827
v 0.005000 -3.100000 1.380000
v 0.005761 -3.100000 1.376173
v 0.007929 -3.100000 1.372929
v 0.011173 -3.100000 1.370761
v 0.015000 -0.100000 1.370000
v 0.018827 -0.100000 1.370761
v 0.022071 -0.100000 1.372929
v 0.024239 -0.100000 1.376173
v 0.025000 -0.100000 1.380000
v 0.024239 -0.100000 1.383827
v 0.022071 -0.100000 1.387071
v 0.018827 -0.100000 1.389239
v 0.015000 -0.100000 1.390000
v 0.011173 -0.100000 1.389239
v 0.007929 -0.100000 1.387071
v 0.005761 -0.100000 1.383827
v 0.005000 -0.100000 1.380000
v 0.005761 -0.100000 1.376173
v 0.007929 -0.100000 1.372929
v 0.011173 -0.100000 1.370761
vn 0.1951 -0.0000 -0.9808
vn 0.5556 -0.0000 -0.8315
vn 0.8315 -0.0000 -0.5556
vn 0.9808 -0.0000 -0.1951
vn 0.9808 -0.0000 0.1951
vn 0.8315 -0.0000 0.5556
vn 0.5556 -0.0000 0.8315
vn 0.1951 -0.0000 0.9808
vn -0.1951 -0.0000 0.9808
vn -0.5556 -0.0000 0.8315
vn -0.8315 -0.0000 0.5556
vn -0.9808 -0.0000 0.1951
vn -0.9808 -0.0000 -0.1951
vn -0.8315 -0.0000 -0.5556
vn -0.5556 -0.0000 -0.8315
vn -0.1951 -0.0000 -0.9808
s 0
usemtl 1_grid
f 1537//769 1553//769 1554//769 1538//769
f 1538//770 1554//770 1555//770 1539//770
f 1539//771 1555//771 1556//771 1540//771
f 1540//772 1556//772 1557//772 1541//772
f 1541//773 1557//773 1558//773 1542//773
f 1542//774 1558//774 1559//774 1543//774
f 1543//775 1559//775 1560//775 1544//775
f 1544//776 1560//776 1561//776 1545//776
f 1545//777 1561//777 1562//777 1546//777
f 1546//778 1562//778 1563//778 1547//778
f 1547//779 1563//779 1564//779 1548//779
f 1548//780 1564//780 1565//780 1549//780
f 1549//781 1565//781 1566//781 1550//781
f 1550//782 1566//782 1567//782 1551//782
f 1551//783 1567//783 1568//783 1552//783
f 1552//784 1568//784 1553//784 1537//784
o Parent
v 0.015000 -3.100000 1.410000
v 0.018827 -3.100000 1.410761
v 0.022071 -3.100000 1.412929
v 0.024239 -3.100000 1.416173
v 0.025000 -3.100000 1.420000
v 0.024239 -3.100000 1.423827
v 0.022071 -3.100000 1.427071
v 0.018827 -3.100000 1.429239
v 0.015000 -3.100000 1.430000
v 0.011173 -3.100000 1.429239
v 0.007929 -3.100000 1.427071
v 0.005761 -3.100000 1.423827
v 0.005000 -3.100000 1.420000
v 0.005761 -3.100000 1.416173
v 0.007929 -3.100000 1.412929
v 0.011173 -3.100000 1.410761
v 0.015000 -0.100000 1.410000
v 0.018827 -0.100000 1.410761
v 0.022071 -0.100000 1.412929
v 0.024239 -0.100000 1.416173
v 0.025000 -0.100000 1.420000
v 0.024239 -0.100000 1.423827
v 0.022071 -0.100000 1.427071
v 0.018827 -0.100000 1.429239
v 0.015000 -0.100000 1.430000
v 0.011173 -0.100000 1.429239
v 0.007929 -0.100000 1.427071
v 0.005761 -0.100000 1.423827
v 0.005000 -0.100000 1.420000
v 0.005761 -0.100000 1.416173
v 0.007929 -0.100000 1.412929
v 0.011173 -0.100000 1.410761
vn 0.1951 -0.0000 -0.9808
vn 0.5556 -0.0000 -0.8315
vn 0.8315 -0.0000 -0.5556
vn 0.9808 -0.0000 -0.1951
vn 0.9808 -0.0000 0.1951
vn 0.8315 -0.0000 0.5556
vn 0.5556 -0.0000 0.8315
vn 0.1951 -0.0000 0.9808
vn -0.1951 -0.0000 0.9808
vn -0.5556 -0.0000 0.8315
vn -0.8315 -0.0000 0.5556
vn -0.9808 -0.0000 0.1951
vn -0.9808 -0.0000 -0.1951
vn -0.8315 -0.0000 -0.5556
vn -0.5556 -0.0000 -0.8315
vn -0.1951 -0.0000 -0.9808
s 0
usemtl 1_grid
f 1569//785 1585//785 1586//785 1570//785
f 1570//786 1586//786 1587//786 1571//786
f 1571//787 1587//787 1588//787 1572//787
f 1572//788 1588//788 1589//788 1573//788
f 1573//789 1589//789 1590//789 1574//789
f 1574//790 1590//790 1591//790 1575//790
f 1575//791 1591//791 1592//791 1576//791
f 1576//792 1592//792 1593//792 1577//792
f 1577//793 1593//793 1594//793 1578//793
f 1578//794 1594//794 1595//794 1579//794
f 1579//795 1595//795 1596//795 1580//795
f 1580//796 1596//796 1597//796 1581//796
f 1581//797 1597//797 1598//797 1582//797
f 1582//798 1598//798 1599//798 1583//798
f 1583//799 1599//799 1600//799 1584//799
f 1584//800 1600//800 1585//800 1569//800
o Parent
v 0.015000 -3.100000 1.450000
v 0.018827 -3.100000 1.450761
v 0.022071 -3.100000 1.452929
v 0.024239 -3.100000 1.456173
v 0.025000 -3.100000 1.460000
v 0.024239 -3.100000 1.463827
v 0.022071 -3.100000 1.467071
v 0.018827 -3.100000 1.469239
v 0.015000 -3.100000 1.470000
v 0.011173 -3.100000 1.469239
v 0.007929 -3.100000 1.467071
v 0.005761 -3.100000 1.463827
v 0.005000 -3.100000 1.460000
v 0.005761 -3.100000 1.456173
v 0.007929 -3.100000 1.452929
v 0.011173 -3.100000 1.450761
v 0.015000 -0.100000 1.450000
v 0.018827 -0.100000 1.450761
v 0.022071 -0.100000 1.452929
v 0.024239 -0.100000 1.456173
v 0.025000 -0.100000 1.460000
v 0.024239 -0.100000 1.463827
v 0.022071 -0.100000 1.467071
v 0.018827 -0.100000 1.469239
v 0.015000 -0.100000 1.470000
v 0.011173 -0.100000 1.469239
v 0.007929 -0.100000 1.467071
v 0.005761 -0.100000 1.463827
v 0.005000 -0.100000 1.460000
v 0.005761 -0.100000 1.456173
v 0.007929 -0.100000 1.452929
v 0.011173 -0.100000 1.450761
vn 0.1951 -0.0000 -0.9808
vn 0.5556 -0.0000 -0.8315
vn 0.8315 -0.0000 -0.5556
vn 0.9808 -0.0000 -0.1951
vn 0.9808 -0.0000 0.1951
vn 0.8315 -0.0000 0.5556
vn 0.5556 -0.0000 0.8315
vn 0.1951 -0.0000 0.9808
vn -0.1951 -0.0000 0.9808
vn -0.5556 -0.0000 0.8315
vn -0.8315 -0.0000 0.5556
vn -0.9808 -0.0000 0.1951
vn -0.9808 -0.0000 -0.1951
vn -0.8315 -0.0000 -0.5556
vn -0.5556 -0.0000 -0.8315
vn -0.1951 -0.0000 -0.9808
s 0
usemtl 1_grid
f 1601//801 1617//801 1618//801 1602//801
f 1602//802 1618//802 1619//802 1603//802
f 1603//803 1619//803 1620//803 1604//803
f 1604//804 1620//804 1621//804 1605//804
f 1605//805 1621//805 1622//805 1606//805
f 1606//806 1622//806 1623//806 1607//806
f 1607//807 1623//807 1624//807 1608//807
f 1608//808 1624//808 1625//808 1609//808
f 1609//809 1625//809 1626//809 1610//809
f 1610//810 1626//810 1627//810 1611//810
f 1611//811 1627//811 1628//811 1612//811
f 1612//812 1628//812 1629//812 1613//812
f 1613//813 1629//813 1630//813 1614//813
f 1614//814 1630//814 1631//814 1615//814
f 1615//815 1631//815 1632//815 1616//815
f 1616//816 1632//816 1617//816 1601//816
o Parent
v 0.015000 -3.100000 1.490000
v 0.018827 -3.100000 1.490761
v 0.022071 -3.100000 1.492929
v 0.024239 -3.100000 1.496173
v 0.025000 -3.100000 1.500000
v 0.024239 -3.100000 1.503827
v 0.022071 -3.100000 1.507071
v 0.018827 -3.100000 1.509239
v 0.015000 -3.100000 1.510000
v 0.011173 -3.100000 1.509239
v 0.007929 -3.100000 1.507071
v 0.005761 -3.100000 1.503827
v 0.005000 -3.100000 1.500000
v 0.005761 -3.100000 1.496173
v 0.007929 -3.100000 1.492929
v 0.011173 -3.100000 1.490761
v 0.015000 -0.100000 1.490000
v 0.018827 -0.100000 1.490761
v 0.022071 -0.100000 1.492929
v 0.024239 -0.100000 1.496173
v 0.025000 -0.100000 1.500000
v 0.024239 -0.100000 1.503827
v 0.022071 -0.100000 1.507071
v 0.018827 -0.100000 1.509239
v 0.015000 -0.100000 1.510000
v 0.011173 -0.100000 1.509239
v 0.007929 -0.100000 1.507071
v 0.005761 -0.100000 1.503827
v 0.005000 -0.100000 1.500000
v 0.005761 -0.100000 1.496173
v 0.007929 -0.100000 1.492929
v 0.011173 -0.100000 1.490761
vn 0.1951 -0.0000 -0.9808
vn 0.5556 -0.0000 -0.8315
vn 0.8315 -0.0000 -0.5556
vn 0.9808 -0.0000 -0.1951
vn 0.9808 -0.0000 0.1951
vn 0.8315 -0.0000 0.5556
vn 0.5556 -0.0000 0.8315
vn 0.1951 -0.0000 0.9808
vn -0.1951 -0.0000 0.9808
vn -0.5556 -0.0000 0.8315
vn -0.8315 -0.0000 0.5556
vn -0.9808 -0.0000 0.1951
vn -0.9808 -0.0000 -0.1951
vn -0.8315 -0.0000 -0.5556
vn -0.5556 -0.0000 -0.8315
vn -0.1951 -0.0000 -0.9808
s 0
usemtl 1_grid
f 1633//817 1649//817 1650//817 1634//817
f 1634//818 1650//818 1651//818 1635//818
f 1635//819 1651//819 1652//819 1636//819
f 1636//820 1652//820 1653//820 1637//820
f 1637//821 1653//821 1654//821 1638//821
f 1638//822 1654//822 1655//822 1639//822
f 1639//823 1655//823 1656//823 1640//823
f 1640//824 1656//824 1657//824 1641//824
f 1641//825 1657//825 1658//825 1642//825
f 1642//826 1658//826 1659//826 1643//826
f 1643//827 1659//827 1660//827 1644//827
f 1644//828 1660//828 1661//828 1645//828
f 1645//829 1661//829 1662//829 1646//829
f 1646//830 1662//830 1663//830 1647//830
f 1647//831 1663//831 1664//831 1648//831
f 1648//832 1664//832 1649//832 1633//832
o Parent
v 0.015000 -3.100000 1.530000
v 0.018827 -3.100000 1.530761
v 0.022071 -3.100000 1.532929
v 0.024239 -3.100000 1.536173
v 0.025000 -3.100000 1.540000
v 0.024239 -3.100000 1.543827
v 0.022071 -3.100000 1.547071
v 0.018827 -3.100000 1.549239
v 0.015000 -3.100000 1.550000
v 0.011173 -3.100000 1.549239
v 0.007929 -3.100000 1.547071
v 0.005761 -3.100000 1.543827
v 0.005000 -3.100000 1.540000
v 0.005761 -3.100000 1.536173
v 0.007929 -3.100000 1.532929
v 0.011173 -3.100000 1.530761
v 0.015000 -0.100000 1.530000
v 0.018827 -0.100000 1.530761
v 0.022071 -0.100000 1.532929
v 0.024239 -0.100000 1.536173
v 0.025000 -0.100000 1.540000
v 0.024239 -0.100000 1.543827
v 0.022071 -0.100000 1.547071
v 0.018827 -0.100000 1.549239
v 0.015000 -0.100000 1.550000
v 0.011173 -0.100000 1.549239
v 0.007929 -0.100000 1.547071
v 0.005761 -0.100000 1.543827
v 0.005000 -0.100000 1.540000
v 0.005761 -0.100000 1.536173
v 0.007929 -0.100000 1.532929
v 0.011173 -0.100000 1.530761
vn 0.1951 -0.0000 -0.9808
vn 0.5556 -0.0000 -0.8315
vn 0.8315 -0.0000 -0.5556
vn 0.9808 -0.0000 -0.1951
vn 0.9808 -0.0000 0.1951
vn 0.8315 -0.0000 0.5556
vn 0.5556 -0.0000 0.8315
vn 0.1951 -0.0000 0.9808
vn -0.1951 -0.0000 0.9808
vn -0.5556 -0.0000 0.8315
vn -0.8315 -0.0000 0.5556
vn -0.9808 -0.0000 0.1951
vn -0.9808 -0.0000 -0.1951
vn -0.8315 -0.0000 -0.5556
vn -0.5556 -0.0000 -0.8315
vn -0.1951 -0.0000 -0.9808
s 0
usemtl 1_grid
f 1665//833 1681//833 1682//833 1666//833
f 1666//834 1682//834 1683//834 1667//834
f 1667//835 1683//835 1684//835 1668//835
f 1668//836 1684//836 1685//836 1669//836
f 1669//837 1685//837 1686//837 1670//837
f 1670//838 1686//838 1687//838 1671//838
f 1671//839 1687//839 1688//839 1672//839
f 1672//840 1688//840 1689//840 1673//840
f 1673//841 1689//841 1690//841 1674//841
f 1674//842 1690//842 1691//842 1675//842
f 1675//843 1691//843 1692//843 1676//843
f 1676//844 1692//844 1693//844 1677//844
f 1677//845 1693//845 1694//845 1678//845
f 1678//846 1694//846 1695//846 1679//846
f 1679//847 1695//847 1696//847 1680//847
f 1680//848 1696//848 1681//848 1665//848
o Parent
v 0.015000 -3.100000 1.570000
v 0.018827 -3.100000 1.570761
v 0.022071 -3.100000 1.572929
v 0.024239 -3.100000 1.576173
v 0.025000 -3.100000 1.580000
v 0.024239 -3.100000 1.583827
v 0.022071 -3.100000 1.587071
v 0.018827 -3.100000 1.589239
v 0.015000 -3.100000 1.590000
v 0.011173 -3.100000 1.589239
v 0.007929 -3.100000 1.587071
v 0.005761 -3.100000 1.583827
v 0.005000 -3.100000 1.580000
v 0.005761 -3.100000 1.576173
v 0.007929 -3.100000 1.572929
v 0.011173 -3.100000 1.570761
v 0.015000 -0.100000 1.570000
v 0.018827 -0.100000 1.570761
v 0.022071 -0.100000 1.572929
v 0.024239 -0.100000 1.576173
v 0.025000 -0.100000 1.580000
v 0.024239 -0.100000 1.583827
v 0.022071 -0.100000 1.587071
v 0.018827 -0.100000 1.589239
v 0.015000 -0.100000 1.590000
v 0.011173 -0.100000 1.589239
v 0.007929 -0.100000 1.587071
v 0.005761 -0.100000 1.583827
v 0.005000 -0.100000 1.580000
v 0.005761 -0.100000 1.576173
v 0.007929 -0.100000 1.572929
v 0.011173 -0.100000 1.570761
vn 0.1951 -0.0000 -0.9808
vn 0.5556 -0.0000 -0.8315
vn 0.8315 -0.0000 -0.5556
vn 0.9808 -0.0000 -0.1951
vn 0.9808 -0.0000 0.1951
vn 0.8315 -0.0000 0.5556
vn 0.5556 -0.0000 0.8315
vn 0.1951 -0.0000 0.9808
vn -0.1951 -0.0000 0.9808
vn -0.5556 -0.0000 0.8315
vn -0.8315 -0.0000 0.5556
vn -0.9808 -0.0000 0.1951
vn -0.9808 -0.0000 -0.1951
vn -0.8315 -0.0000 -0.5556
vn -0.5556 -0.0000 -0.8315
vn -0.1951 -0.0000 -0.9808
s 0
usemtl 1_grid
f 1697//849 1713//849 1714//849 1698//849
f 1698//850 1714//850 1715//850 1699//850
f 1699//851 1715//851 1716//851 1700//851
f 1700//852 1716//852 1717//852 1701//852
f 1701//853 1717//853 1718//853 1702//853
f 1702//854 1718//854 1719//854 1703//854
f 1703//855 1719//855 1720//855 1704//855
f 1704//856 1720//856 1721//856 1705//856
f 1705//857 1721//857 1722//857 1706//857
f 1706//858 1722//858 1723//858 1707//858
f 1707//859 1723//859 1724//859 1708//859
f 1708//860 1724//860 1725//860 1709//860
f 1709//861 1725//861 1726//861 1710//861
f 1710//862 1726//862 1727//862 1711//862
f 1711//863 1727//863 1728//863 1712//863
f 1712//864 1728//864 1713//864 1697//864
o Parent
v 0.015000 -3.100000 1.610000
v 0.018827 -3.100000 1.610761
v 0.022071 -3.100000 1.612929
v 0.024239 -3.100000 1.616173
v 0.025000 -3.100000 1.620000
v 0.024239 -3.100000 1.623827
v 0.022071 -3.100000 1.627071
v 0.018827 -3.100000 1.629239
v 0.015000 -3.100000 1.630000
v 0.011173 -3.100000 1.629239
v 0.007929 -3.100000 1.627071
v 0.005761 -3.100000 1.623827
v 0.005000 -3.100000 1.620000
v 0.005761 -3.100000 1.616173
v 0.007929 -3.100000 1.612929
v 0.011173 -3.100000 1.610761
v 0.015000 -0.100000 1.610000
v 0.018827 -0.100000 1.610761
v 0.022071 -0.100000 1.612929
v 0.024239 -0.100000 1.616173
v 0.025000 -0.100000 1.620000
v 0.024239 -0.100000 1.623827
v 0.022071 -0.100000 1.627071
v 0.018827 -0.100000 1.629239
v 0.015000 -0.100000 1.630000
v 0.011173 -0.100000 1.629239
v 0.007929 -0.100000 1.627071
v 0.005761 -0.100000 1.623827
v 0.005000 -0.100000 1.620000
v 0.005761 -0.100000 1.616173
v 0.007929 -0.100000 1.612929
v 0.011173 -0.100000 1.610761
vn 0.1951 -0.0000 -0.9808
vn 0.5556 -0.0000 -0.8315
vn 0.8315 -0.0000 -0.5556
vn 0.9808 -0.0000 -0.1951
vn 0.9808 -0.0000 0.1951
vn 0.8315 -0.0000 0.5556
vn 0.5556 -0.0000 0.8315
vn 0.1951 -0.0000 0.9808
vn -0.1951 -0.0000 0.9808
vn -0.5556 -0.0000 0.8315
vn -0.8315 -0.0000 0.5556
vn -0.9808 -0.0000 0.1951
vn -0.9808 -0.0000 -0.1951
vn -0.8315 -0.0000 -0.5556
vn -0.5556 -0.0000 -0.8315
vn -0.1951 -0.0000 -0.9808
s 0
usemtl 1_grid
f 1729//865 1745//865 1746//865 1730//865
f 1730//866 1746//866 1747//866 1731//866
f 1731//867 1747//867 1748//867 1732//867
f 1732//868 1748//868 1749//868 1733//868
f 1733//869 1749//869 1750//869 1734//869
f 1734//870 1750//870 1751//870 1735//870
f 1735//871 1751//871 1752//871 1736//871
f 1736//872 1752//872 1753//872 1737//872
f 1737//873 1753//873 1754//873 1738//873
f 1738//874 1754//874 1755//874 1739//874
f 1739//875 1755//875 1756//875 1740//875
f 1740//876 1756//876 1757//876 1741//876
f 1741//877 1757//877 1758//877 1742//877
f 1742//878 1758//878 1759//878 1743//878
f 1743//879 1759//879 1760//879 1744//879
f 1744//880 1760//880 1745//880 1729//880
o Parent
v 0.015000 -3.100000 1.650000
v 0.018827 -3.100000 1.650761
v 0.022071 -3.100000 1.652929
v 0.024239 -3.100000 1.656173
v 0.025000 -3.100000 1.660000
v 0.024239 -3.100000 1.663827
v 0.022071 -3.100000 1.667071
v 0.018827 -3.100000 1.669239
v 0.015000 -3.100000 1.670000
v 0.011173 -3.100000 1.669239
v 0.007929 -3.100000 1.667071
v 0.005761 -3.100000 1.663827
v 0.005000 -3.100000 1.660000
v 0.005761 -3.100000 1.656173
v 0.007929 -3.100000 1.652929
v 0.011173 -3.100000 1.650761
v 0.015000 -0.100000 1.650000
v 0.018827 -0.100000 1.650761
v 0.022071 -0.100000 1.652929
v 0.024239 -0.100000 1.656173
v 0.025000 -0.100000 1.660000
v 0.024239 -0.100000 1.663827
v 0.022071 -0.100000 1.667071
v 0.018827 -0.100000 1.669239
v 0.015000 -0.100000 1.670000
v 0.011173 -0.100000 1.669239
v 0.007929 -0.100000 1.667071
v 0.005761 -0.100000 1.663827
v 0.005000 -0.100000 1.660000
v 0.005761 -0.100000 1.656173
v 0.007929 -0.100000 1.652929
v 0.011173 -0.100000 1.650761
vn 0.1951 -0.0000 -0.9808
vn 0.5556 -0.0000 -0.8315
vn 0.8315 -0.0000 -0.5556
vn 0.9808 -0.0000 -0.1951
vn 0.9808 -0.0000 0.1951
vn 0.8315 -0.0000 0.5556
vn 0.5556 -0.0000 0.8315
vn 0.1951 -0.0000 0.9808
vn -0.1951 -0.0000 0.9808
vn -0.5556 -0.0000 0.8315
vn -0.8315 -0.0000 0.5556
vn -0.9808 -0.0000 0.1951
vn -0.9808 -0.0000 -0.1951
vn -0.8315 -0.0000 -0.5556
vn -0.5556 -0.0000 -0.8315
vn -0.1951 -0.0000 -0.9808
s 0
usemtl 1_grid
f 1761//881 1777//881 1778//881 1762//881
f 1762//882 1778//882 1779//882 1763//882
f 1763//883 1779//883 1780//883 1764//883
f 1764//884 1780//884 1781//884 1765//884
f 1765//885 1781//885 1782//885 1766//885
f 1766//886 1782//886 1783//886 1767//886
f 1767//887 1783//887 1784//887 1768//887
f 1768//888 1784//888 1785//888 1769//888
f 1769//889 1785//889 1786//889 1770//889
f 1770//890 1786//890 1787//890 1771//890
f 1771//891 1787//891 1788//891 1772//891
f 1772//892 1788//892 1789//892 1773//892
f 1773//893 1789//893 1790//893 1774//893
f 1774//894 1790//894 1791//894 1775//894
f 1775//895 1791//895 1792//895 1776//895
f 1776//896 1792//896 1777//896 1761//896
o Parent
v 0.015000 -3.100000 1.690000
v 0.018827 -3.100000 1.690761
v 0.022071 -3.100000 1.692929
v 0.024239 -3.100000 1.696173
v 0.025000 -3.100000 1.700000
v 0.024239 -3.100000 1.703827
v 0.022071 -3.100000 1.707071
v 0.018827 -3.100000 1.709239
v 0.015000 -3.100000 1.710000
v 0.011173 -3.100000 1.709239
v 0.007929 -3.100000 1.707071
v 0.005761 -3.100000 1.703827
v 0.005000 -3.100000 1.700000
v 0.005761 -3.100000 1.696173
v 0.007929 -3.100000 1.692929
v 0.011173 -3.100000 1.690761
v 0.015000 -0.100000 1.690000
v 0.018827 -0.100000 1.690761
v 0.022071 -0.100000 1.692929
v 0.024239 -0.100000 1.696173
v 0.025000 -0.100000 1.700000
v 0.024239 -0.100000 1.703827
v 0.022071 -0.100000 1.707071
v 0.018827 -0.100000 1.709239
v 0.015000 -0.100000 1.710000
v 0.011173 -0.100000 1.709239
v 0.007929 -0.100000 1.707071
v 0.005761 -0.100000 1.703827
v 0.005000 -0.100000 1.700000
v 0.005761 -0.100000 1.696173
v 0.007929 -0.100000 1.692929
v 0.011173 -0.100000 1.690761
vn 0.1951 -0.0000 -0.9808
vn 0.5556 -0.0000 -0.8315
vn 0.8315 -0.0000 -0.5556
vn 0.9808 -0.0000 -0.1951
vn 0.9808 -0.0000 0.1951
vn 0.8315 -0.0000 0.5556
vn 0.5556 -0.0000 0.8315
vn 0.1951 -0.0000 0.9808
vn -0.1951 -0.0000 0.9808
vn -0.5556 -0.0000 0.8315
vn -0.8315 -0.0000 0.5556
vn -0.9808 -0.0000 0.1951
vn -0.9808 -0.0000 -0.1951
vn -0.8315 -0.0000 -0.5556
vn -0.5556 -0.0000 -0.8315
vn -0.1951 -0.0000 -0.9808
s 0
usemtl 1_grid
f 1793//897 1809//897 1810//897 1794//897
f 1794//898 1810//898 1811//898 1795//898
f 1795//899 1811//899 1812//899 1796//899
f 1796//900 1812//900 1813//900 1797//900
f 1797//901 1813//901 1814//901 1798//901
f 1798//902 1814//902 1815//902 1799//902
f 1799//903 1815//903 1816//903 1800//903
f 1800//904 1816//904 1817//904 1801//904
f 1801//905 1817//905 1818//905 1802//905
f 1802//906 1818//906 1819//906 1803//906
f 1803//907 1819//907 1820//907 1804//907
f 1804//908 1820//908 1821//908 1805//908
f 1805//909 1821//909 1822//909 1806//909
f 1806//910 1822//910 1823//910 1807//910
f 1807//911 1823//911 1824//911 1808//911
f 1808//912 1824//912 1809//912 1793//912
o Parent
v 0.015000 -3.100000 1.730000
v 0.018827 -3.100000 1.730761
v 0.022071 -3.100000 1.732929
v 0.024239 -3.100000 1.736173
v 0.025000 -3.100000 1.740000
v 0.024239 -3.100000 1.743827
v 0.022071 -3.100000 1.747071
v 0.018827 -3.100000 1.749239
v 0.015000 -3.100000 1.750000
v 0.011173 -3.100000 1.749239
v 0.007929 -3.100000 1.747071
v 0.005761 -3.100000 1.743827
v 0.005000 -3.100000 1.740000
v 0.005761 -3.100000 1.736173
v 0.007929 -3.100000 1.732929
v 0.011173 -3.100000 1.730761
v 0.015000 -0.100000 1.730000
v 0.018827 -0.100000 1.730761
v 0.022071 -0.100000 1.732929
v 0.024239 -0.100000 1.736173
v 0.025000 -0.100000 1.740000
v 0.024239 -0.100000 1.743827
v 0.022071 -0.100000 1.747071
v 0.018827 -0.100000 1.749239
v 0.015000 -0.100000 1.750000
v 0.011173 -0.100000 1.749239
v 0.007929 -0.100000 1.747071
v 0.005761 -0.100000 1.743827
v 0.005000 -0.100000 1.740000
v 0.005761 -0.100000 1.736173
v 0.007929 -0.100000 1.732929
v 0.011173 -0.100000 1.730761
vn 0.1951 -0.0000 -0.9808
vn 0.5556 -0.0000 -0.8315
vn 0.8315 -0.0000 -0.5556
vn 0.9808 -0.0000 -0.1951
vn 0.9808 -0.0000 0.1951
vn 0.8315 -0.0000 0.5556
vn 0.5556 -0.0000 0.8315
vn 0.1951 -0.0000 0.9808
vn -0.1951 -0.0000 0.9808
vn -0.5556 -0.0000 0.8315
vn -0.8315 -0.0000 0.5556
vn -0.9808 -0.0000 0.1951
vn -0.9808 -0.0000 -0.1951
vn -0.8315 -0.0000 -0.5556
vn -0.5556 -0.0000 -0.8315
vn -0.1951 -0.0000 -0.9808
s 0
usemtl 1_grid
f 1825//913 1841//913 1842//913 1826//913
f 1826//914 1842//914 1843//914 1827//914
f 1827//915 1843//915 1844//915 1828//915
f 1828//916 1844//916 1845//916 1829//916
f 1829//917 1845//917 1846//917 1830//917
f 1830//918 1846//918 1847//918 1831//918
f 1831//919 1847//919 1848//919 1832//919
f 1832//920 1848//920 1849//920 1833//920
f 1833//921 1849//921 1850//921 1834//921
f 1834//922 1850//922 1851//922 1835//922
f 1835//923 1851//923 1852//923 1836//923
f 1836//924 1852//924 1853//924 1837//924
f 1837//925 1853//925 1854//925 1838//925
f 1838//926 1854//926 1855//926 1839//926
f 1839//927 1855//927 1856//927 1840//927
f 1840//928 1856//928 1841//928 1825//928
o Parent
v 0.015000 -3.100000 1.770000
v 0.018827 -3.100000 1.770761
v 0.022071 -3.100000 1.772929
v 0.024239 -3.100000 1.776173
v 0.025000 -3.100000 1.780000
v 0.024239 -3.100000 1.783827
v 0.022071 -3.100000 1.787071
v 0.018827 -3.100000 1.789239
v 0.015000 -3.100000 1.790000
v 0.011173 -3.100000 1.789239
v 0.007929 -3.100000 1.787071
v 0.005761 -3.100000 1.783827
v 0.005000 -3.100000 1.780000
v 0.005761 -3.100000 1.776173
v 0.007929 -3.100000 1.772929
v 0.011173 -3.100000 1.770761
v 0.015000 -0.100000 1.770000
v 0.018827 -0.100000 1.770761
v 0.022071 -0.100000 1.772929
v 0.024239 -0.100000 1.776173
v 0.025000 -0.100000 1.780000
v 0.024239 -0.100000 1.783827
v 0.022071 -0.100000 1.787071
v 0.018827 -0.100000 1.789239
v 0.015000 -0.100000 1.790000
v 0.011173 -0.100000 1.789239
v 0.007929 -0.100000 1.787071
v 0.005761 -0.100000 1.783827
v 0.005000 -0.100000 1.780000
v 0.005761 -0.100000 1.776173
v 0.007929 -0.100000 1.772929
v 0.011173 -0.100000 1.770761
vn 0.1951 -0.0000 -0.9808
vn 0.5556 -0.0000 -0.8315
vn 0.8315 -0.0000 -0.5556
vn 0.9808 -0.0000 -0.1951
vn 0.9808 -0.0000 0.1951
vn 0.8315 -0.0000 0.5556
vn 0.5556 -0.0000 0.8315
vn 0.1951 -0.0000 0.9808
vn -0.1951 -0.0000 0.9808
vn -0.5556 -0.0000 0.8315
vn -0.8315 -0.0000 0.5556
vn -0.9808 -0.0000 0.1951
vn -0.9808 -0.0000 -0.1951
vn -0.8315 -0.0000 -0.5556
vn -0.5556 -0.0000 -0.8315
vn -0.1951 -0.0000 -0.9808
s 0
usemtl 1_grid
f 1857//929 1873//929 1874//929 1858//929
f 1858//930 1874//930 1875//930 1859//930
f 1859//931 1875//931 1876//931 1860//931
f 1860//932 1876//932 1877//932 1861//932
f 1861//933 1877//933 1878//933 1862//933
f 1862//934 1878//934 1879//934 1863//934
f 1863//935 1879//935 1880//935 1864//935
f 1864//936 1880//936 1881//936 1865//936
f 1865//937 1881//937 1882//937 1866//937
f 1866//938 1882//938 1883//938 1867//938
f 1867//939 1883//939 1884//939 1868//939
f 1868//940 1884//940 1885//940 1869//940
f 1869//941 1885//941 1886//941 1870//941
f 1870//942 1886//942 1887//942 1871//942
f 1871//943 1887//943 1888//943 1872//943
f 1872//944 1888//944 1873//944 1857//944
o Parent
v 0.015000 -3.100000 1.810000
v 0.018827 -3.100000 1.810761
v 0.022071 -3.100000 1.812929
v 0.024239 -3.100000 1.816173
v 0.025000 -3.100000 1.820000
v 0.024239 -3.100000 1.823827
v 0.022071 -3.100000 1.827071
v 0.018827 -3.100000 1.829239
v 0.015000 -3.100000 1.830000
v 0.011173 -3.100000 1.829239
v 0.007929 -3.100000 1.827071
v 0.005761 -3.100000 1.823827
v 0.005000 -3.100000 1.820000
v 0.005761 -3.100000 1.816173
v 0.007929 -3.100000 1.812929
v 0.011173 -3.100000 1.810761
v 0.015000 -0.100000 1.810000
v 0.018827 -0.100000 1.810761
v 0.022071 -0.100000 1.812929
v 0.024239 -0.100000 1.816173
v 0.025000 -0.100000 1.820000
v 0.024239 -0.100000 1.823827
v 0.022071 -0.100000 1.827071
v 0.018827 -0.100000 1.829239
v 0.015000 -0.100000 1.830000
v 0.011173 -0.100000 1.829239
v 0.007929 -0.100000 1.827071
v 0.005761 -0.100000 1.823827
v 0.005000 -0.100000 1.820000
v 0.005761 -0.100000 1.816173
v 0.007929 -0.100000 1.812929
v 0.011173 -0.100000 1.810761
vn 0.1951 -0.0000 -0.9808
vn 0.5556 -0.0000 -0.8315
vn 0.8315 -0.0000 -0.5556
vn 0.9808 -0.0000 -0.1951
vn 0.9808 -0.0000 0.1951
vn 0.8315 -0.0000 0.5556
vn 0.5556 -0.0000 0.8315
vn 0.1951 -0.0000 0.9808
vn -0.1951 -0.0000 0.9808
vn -0.5556 -0.0000 0.8315
vn -0.8315 -0.0000 0.5556
vn -0.9808 -0.0000 0.1951
vn -0.9808 -0.0000 -0.1951
vn -0.8315 -0.0000 -0.5556
vn -0.5556 -0.0000 -0.8315
vn -0.1951 -0.0000 -0.9808
s 0
usemtl 1_grid
f 1889//945 1905//945 1906//945 1890//945
f 1890//946 1906//946 1907//946 1891//946
f 1891//947 1907//947 1908//947 1892//947
f 1892//948 1908//948 1909//948 1893//948
f 1893//949 1909//949 1910//949 1894//949
f 1894//950 1910//950 1911//950 1895//950
f 1895//951 1911//951 1912//951 1896//951
f 1896//952 1912//952 1913//952 1897//952
f 1897//953 1913//953 1914//953 1898//953
f 1898//954 1914//954 1915//954 1899//954
f 1899//955 1915//955 1916//955 1900//955
f 1900//956 1916//956 1917//956 1901//956
f 1901//957 1917//957 1918//957 1902//957
f 1902//958 1918//958 1919//958 1903//958
f 1903//959 1919//959 1920//959 1904//959
f 1904//960 1920//960 1905//960 1889//960
o Parent
v 0.015000 -3.100000 1.850000
v 0.018827 -3.100000 1.850761
v 0.022071 -3.100000 1.852929
v 0.024239 -3.100000 1.856173
v 0.025000 -3.100000 1.860000
v 0.024239 -3.100000 1.863827
v 0.022071 -3.100000 1.867071
v 0.018827 -3.100000 1.869239
v 0.015000 -3.100000 1.870000
v 0.011173 -3.100000 1.869239
v 0.007929 -3.100000 1.867071
v 0.005761 -3.100000 1.863827
v 0.005000 -3.100000 1.860000
v 0.005761 -3.100000 1.856173
v 0.007929 -3.100000 1.852929
v 0.011173 -3.100000 1.850761
v 0.015000 -0.100000 1.850000
v 0.018827 -0.100000 1.850761
v 0.022071 -0.100000 1.852929
v 0.024239 -0.100000 1.856173
v 0.025000 -0.100000 1.860000
v 0.024239 -0.100000 1.863827
v 0.022071 -0.100000 1.867071
v 0.018827 -0.100000 1.869239
v 0.015000 -0.100000 1.870000
v 0.011173 -0.100000 1.869239
v 0.007929 -0.100000 1.867071
v 0.005761 -0.100000 1.863827
v 0.005000 -0.100000 1.860000
v 0.005761 -0.100000 1.856173
v 0.007929 -0.100000 1.852929
v 0.011173 -0.100000 1.850761
vn 0.1951 -0.0000 -0.9808
vn 0.5556 -0.0000 -0.8315
vn 0.8315 -0.0000 -0.5556
vn 0.9808 -0.0000 -0.1951
vn 0.9808 -0.0000 0.1951
vn 0.8315 -0.0000 0.5556
vn 0.5556 -0.0000 0.8315
vn 0.1951 -0.0000 0.9808
vn -0.1951 -0.0000 0.9808
vn -0.5556 -0.0000 0.8315
vn -0.8315 -0.0000 0.5556
vn -0.9808 -0.0000 0.1951
vn -0.9808 -0.0000 -0.1951
vn -0.8315 -0.0000 -0.5556
vn -0.5556 -0.0000 -0.8315
vn -0.1951 -0.0000 -0.9808
s 0
usemtl 1_grid
f 1921//961 1937//961 1938//961 1922//961
f 1922//962 1938//962 1939//962 1923//962
f 1923//963 1939//963 1940//963 1924//963
f 1924//964 1940//964 1941//964 1925//964
f 1925//965 1941//965 1942//965 1926//965
f 1926//966 1942//966 1943//966 1927//966
f 1927//967 1943//967 1944//967 1928//967
f 1928//968 1944//968 1945//968 1929//968
f 1929//969 1945//969 1946//969 1930//969
f 1930//970 1946//970 1947//970 1931//970
f 1931//971 1947//971 1948//971 1932//971
f 1932//972 1948//972 1949//972 1933//972
f 1933//973 1949//973 1950//973 1934//973
f 1934//974 1950//974 1951//974 1935//974
f 1935//975 1951//975 1952//975 1936//975
f 1936//976 1952//976 1937//976 1921//976
o Parent
v 0.015000 -3.100000 1.890000
v 0.018827 -3.100000 1.890761
v 0.022071 -3.100000 1.892929
v 0.024239 -3.100000 1.896173
v 0.025000 -3.100000 1.900000
v 0.024239 -3.100000 1.903827
v 0.022071 -3.100000 1.907071
v 0.018827 -3.100000 1.909239
v 0.015000 -3.100000 1.910000
v 0.011173 -3.100000 1.909239
v 0.007929 -3.100000 1.907071
v 0.005761 -3.100000 1.903827
v 0.005000 -3.100000 1.900000
v 0.005761 -3.100000 1.896173
v 0.007929 -3.100000 1.892929
v 0.011173 -3.100000 1.890761
v 0.015000 -0.100000 1.890000
v 0.018827 -0.100000 1.890761
v 0.022071 -0.100000 1.892929
v 0.024239 -0.100000 1.896173
v 0.025000 -0.100000 1.900000
v 0.024239 -0.100000 1.903827
v 0.022071 -0.100000 1.907071
v 0.018827 -0.100000 1.909239
v 0.015000 -0.100000 1.910000
v 0.011173 -0.100000 1.909239
v 0.007929 -0.100000 1.907071
v 0.005761 -0.100000 1.903827
v 0.005000 -0.100000 1.900000
v 0.005761 -0.100000 1.896173
v 0.007929 -0.100000 1.892929
v 0.011173 -0.100000 1.890761
vn 0.1951 -0.0000 -0.9808
vn 0.5556 -0.0000 -0.8315
vn 0.8315 -0.0000 -0.5556
vn 0.9808 -0.0000 -0.1951
vn 0.9808 -0.0000 0.1951
vn 0.8315 -0.0000 0.5556
vn 0.5556 -0.0000 0.8315
vn 0.1951 -0.0000 0.9808
vn -0.1951 -0.0000 0.9808
vn -0.5556 -0.0000 0.8315
vn -0.8315 -0.0000 0.5556
vn -0.9808 -0.0000 0.1951
vn -0.9808 -0.0000 -0.1951
vn -0.8315 -0.0000 -0.5556
vn -0.5556 -0.0000 -0.8315
vn -0.1951 -0.0000 -0.9808
s 0
usemtl 1_grid
f 1953//977 1969//977 1970//977 1954//977
f 1954//978 1970//978 1971//978 1955//978
f 1955//979 1971//979 1972//979 1956//979
f 1956//980 1972//980 1973//980 1957//980
f 1957//981 1973//981 1974//981 1958//981
f 1958//982 1974//982 1975//982 1959//982
f 1959//983 1975//983 1976//983 1960//983
f 1960//984 1976//984 1977//984 1961//984
f 1961//985 1977//985 1978//985 1962//985
f 1962//986 1978//986 1979//986 1963//986
f 1963//987 1979//987 1980//987 1964//987
f 1964//988 1980//988 1981//988 1965//988
f 1965//989 1981//989 1982//989 1966//989
f 1966//990 1982//990 1983//990 1967//990
f 1967//991 1983//991 1984//991 1968//991
f 1968//992 1984//992 1969//992 1953//992
o Parent
v 0.015000 -3.100000 1.930000
v 0.018827 -3.100000 1.930761
v 0.022071 -3.100000 1.932929
v 0.024239 -3.100000 1.936173
v 0.025000 -3.100000 1.940000
v 0.024239 -3.100000 1.943827
v 0.022071 -3.100000 1.947071
v 0.018827 -3.100000 1.949239
v 0.015000 -3.100000 1.950000
v 0.011173 -3.100000 1.949239
v 0.007929 -3.100000 1.947071
v 0.005761 -3.100000 1.943827
v 0.005000 -3.100000 1.940000
v 0.005761 -3.100000 1.936173
v 0.007929 -3.100000 1.932929
v 0.011173 -3.100000 1.930761
v 0.015000 -0.100000 1.930000
v 0.018827 -0.100000 1.930761
v 0.022071 -0.100000 1.932929
v 0.024239 -0.100000 1.936173
v 0.025000 -0.100000 1.940000
v 0.024239 -0.100000 1.943827
v 0.022071 -0.100000 1.947071
v 0.018827 -0.100000 1.949239
v 0.015000 -0.100000 1.950000
v 0.011173 -0.100000 1.949239
v 0.007929 -0.100000 1.947071
v 0.005761 -0.100000 1.943827
v 0.005000 -0.100000 1.940000
v 0.005761 -0.100000 1.936173
v 0.007929 -0.100000 1.932929
v 0.011173 -0.100000 1.930761
vn 0.1951 -0.0000 -0.9808
vn 0.5556 -0.0000 -0.8315
vn 0.8315 -0.0000 -0.5556
vn 0.9808 -0.0000 -0.1951
vn 0.9808 -0.0000 0.1951
vn 0.8315 -0.0000 0.5556
vn 0.5556 -0.0000 0.8315
vn 0.1951 -0.0000 0.9808
vn -0.1951 -0.0000 0.9808
vn -0.5556 -0.0000 0.8315
vn -0.8315 -0.0000 0.5556
vn -0.9808 -0.0000 0.1951
vn -0.9808 -0.0000 -0.1951
vn -0.8315 -0.0000 -0.5556
vn -0.5556 -0.0000 -0.8315
vn -0.1951 -0.0000 -0.9808
s 0
usemtl 1_grid
f 1985//993 2001//993 2002//993 1986//993
f 1986//994 2002//994 2003//994 1987//994
f 1987//995 2003//995 2004//995 1988//995
f 1988//996 2004//996 2005//996 1989//996
f 1989//997 2005//997 2006//997 1990//997
f 1990//998 2006//998 2007//998 1991//998
f 1991//999 2007//999 2008//999 1992//999
f 1992//1000 2008//1000 2009//1000 1993//1000
f 1993//1001 2009//1001 2010//1001 1994//1001
f 1994//1002 2010//1002 2011//1002 1995//1002
f 1995//1003 2011//1003 2012//1003 1996//1003
f 1996//1004 2012//1004 2013//1004 1997//1004
f 1997//1005 2013//1005 2014//1005 1998//1005
f 1998//1006 2014//1006 2015//1006 1999//1006
f 1999//1007 2015//1007 2016//1007 2000//1007
f 2000//1008 2016//1008 2001//1008 1985//1008
o Parent
v 0.015000 -3.100000 1.970000
v 0.018827 -3.100000 1.970761
v 0.022071 -3.100000 1.972929
v 0.024239 -3.100000 1.976173
v 0.025000 -3.100000 1.980000
v 0.024239 -3.100000 1.983827
v 0.022071 -3.100000 1.987071
v 0.018827 -3.100000 1.989239
v 0.015000 -3.100000 1.990000
v 0.011173 -3.100000 1.989239
v 0.007929 -3.100000 1.987071
v 0.005761 -3.100000 1.983827
v 0.005000 -3.100000 1.980000
v 0.005761 -3.100000 1.976173
v 0.007929 -3.100000 1.972929
v 0.011173 -3.100000 1.970761
v 0.015000 -0.100000 1.970000
v 0.018827 -0.100000 1.970761
v 0.022071 -0.100000 1.972929
v 0.024239 -0.100000 1.976173
v 0.025000 -0.100000 1.980000
v 0.024239 -0.100000 1.983827
v 0.022071 -0.100000 1.987071
v 0.018827 -0.100000 1.989239
v 0.015000 -0.100000 1.990000
v 0.011173 -0.100000 1.989239
v 0.007929 -0.100000 1.987071
v 0.005761 -0.100000 1.983827
v 0.005000 -0.100000 1.980000
v 0.005761 -0.100000 1.976173
v 0.007929 -0.100000 1.972929
v 0.011173 -0.100000 1.970761
vn 0.1951 -0.0000 -0.9808
vn 0.5556 -0.0000 -0.8315
vn 0.8315 -0.0000 -0.5556
vn 0.9808 -0.0000 -0.1951
vn 0.9808 -0.0000 0.1951
vn 0.8315 -0.0000 0.5556
vn 0.5556 -0.0000 0.8315
vn 0.1951 -0.0000 0.9808
vn -0.1951 -0.0000 0.9808
vn -0.5556 -0.0000 0.8315
vn -0.8315 -0.0000 0.5556
vn -0.9808 -0.0000 0.1951
vn -0.9808 -0.0000 -0.1951
vn -0.8315 -0.0000 -0.5556
vn -0.5556 -0.0000 -0.8315
vn -0.1951 -0.0000 -0.9808
s 0
usemtl 1_grid
f 2017//1009 2033//1009 2034//1009 2018//1009
f 2018//1010 2034//1010 2035//1010 2019//1010
f 2019//1011 2035//1011 2036//1011 2020//1011
f 2020//1012 2036//1012 2037//1012 2021//1012
f 2021//1013 2037//1013 2038//1013 2022//1013
f 2022//1014 2038//1014 2039//1014 2023//1014
f 2023//1015 2039//1015 2040//1015 2024//1015
f 2024//1016 2040//1016 2041//1016 2025//1016
f 2025//1017 2041//1017 2042//1017 2026//1017
f 2026//1018 2042//1018 2043//1018 2027//1018
f 2027//1019 2043//1019 2044//1019 2028//1019
f 2028//1020 2044//1020 2045//1020 2029//1020
f 2029//1021 2045//1021 2046//1021 2030//1021
f 2030//1022 2046//1022 2047//1022 2031//1022
f 2031//1023 2047//1023 2048//1023 2032//1023
f 2032//1024 2048//1024 2033//1024 2017//1024
o Parent
v 0.015000 -3.100000 2.010000
v 0.018827 -3.100000 2.010761
v 0.022071 -3.100000 2.012929
v 0.024239 -3.100000 2.016173
v 0.025000 -3.100000 2.020000
v 0.024239 -3.100000 2.023827
v 0.022071 -3.100000 2.027071
v 0.018827 -3.100000 2.029239
v 0.015000 -3.100000 2.030000
v 0.011173 -3.100000 2.029239
v 0.007929 -3.100000 2.027071
v 0.005761 -3.100000 2.023827
v 0.005000 -3.100000 2.020000
v 0.005761 -3.100000 2.016173
v 0.007929 -3.100000 2.012929
v 0.011173 -3.100000 2.010761
v 0.015000 -0.100000 2.010000
v 0.018827 -0.100000 2.010761
v 0.022071 -0.100000 2.012929
v 0.024239 -0.100000 2.016173
v 0.025000 -0.100000 2.020000
v 0.024239 -0.100000 2.023827
v 0.022071 -0.100000 2.027071
v 0.018827 -0.100000 2.029239
v 0.015000 -0.100000 2.030000
v 0.011173 -0.100000 2.029239
v 0.007929 -0.100000 2.027071
v 0.005761 -0.100000 2.023827
v 0.005000 -0.100000 2.020000
v 0.005761 -0.100000 2.016173
v 0.007929 -0.100000 2.012929
v 0.011173 -0.100000 2.010761
vn 0.1951 -0.0000 -0.9808
vn 0.5556 -0.0000 -0.8315
vn 0.8315 -0.0000 -0.5556
vn 0.9808 -0.0000 -0.1951
vn 0.9808 -0.0000 0.1951
vn 0.8315 -0.0000 0.5556
vn 0.5556 -0.0000 0.8315
vn 0.1951 -0.0000 0.9808
vn -0.1951 -0.0000 0.9808
vn -0.5556 -0.0000 0.8315
vn -0.8315 -0.0000 0.5556
vn -0.9808 -0.0000 0.1951
vn -0.9808 -0.0000 -0.1951
vn -0.8315 -0.0000 -0.5556
vn -0.5556 -0.0000 -0.8315
vn -0.1951 -0.0000 -0.9808
s 0
usemtl 1_grid
f 2049//1025 2065//1025 2066//1025 2050//1025
f 2050//1026 2066//1026 2067//1026 2051//1026
f 2051//1027 2067//1027 2068//1027 2052//1027
f 2052//1028 2068//1028 2069//1028 2053//1028
f 2053//1029 2069//1029 2070//1029 2054//1029
f 2054//1030 2070//1030 2071//1030 2055//1030
f 2055//1031 2071//1031 2072//1031 2056//1031
f 2056//1032 2072//1032 2073//1032 2057//1032
f 2057//1033 2073//1033 2074//1033 2058//1033
f 2058//1034 2074//1034 2075//1034 2059//1034
f 2059//1035 2075//1035 2076//1035 2060//1035
f 2060//1036 2076//1036 2077//1036 2061//1036
f 2061//1037 2077//1037 2078//1037 2062//1037
f 2062//1038 2078//1038 2079//1038 2063//1038
f 2063//1039 2079//1039 2080//1039 2064//1039
f 2064//1040 2080//1040 2065//1040 2049//1040
o Parent
v -0.050000 -3.100000 0.000000
v -0.050000 -3.200000 0.000000
v 0.050000 -3.100000 0.000000
v 0.050000 -3.200000 0.000000
v -0.050000 -3.100000 2.070000
v -0.050000 -3.200000 2.070000
v 0.050000 -3.100000 2.070000
v 0.050000 -3.200000 2.070000
vn -0.0000 -0.0000 -1.0000
vn -1.0000 -0.0000 -0.0000
vn -0.0000 -0.0000 1.0000
vn 1.0000 -0.0000 -0.0000
vn -0.0000 1.0000 -0.0000
vn -0.0000 -1.0000 -0.0000
s 0
usemtl 1_post
f 2081//1041 2083//1041 2084//1041 2082//1041
f 2081//1042 2082//1042 2086//1042 2085//1042
f 2085//1043 2086//1043 2088//1043 2087//1043
f 2083//1044 2087//1044 2088//1044 2084//1044
f 2081//1045 2085//1045 2087//1045 2083//1045
f 2082//1046 2084//1046 2088//1046 2086//1046
o Parent
v -0.050000 0.000000 0.000000
v -0.050000 -0.100000 0.000000
v 0.050000 0.000000 0.000000
v 0.050000 -0.100000 0.000000
v -0.050000 0.000000 2.070000
v -0.050000 -0.100000 2.070000
v 0.050000 0.000000 2.070000
v 0.050000 -0.100000 2.070000
vn -0.0000 -0.0000 -1.0000
vn -1.0000 -0.0000 -0.0000
vn -0.0000 -0.0000 1.0000
vn 1.0000 -0.0000 -0.0000
vn -0.0000 1.0000 -0.0000
vn -0.0000 -1.0000 -0.0000
s 0
usemtl 1_post
f 2089//1047 2091//1047 2092//1047 2090//1047
f 2089//1048 2090//1048 2094//1048 2093//1048
f 2093//1049 2094//1049 2096//1049 2095//1049
f 2091//1050 2095//1050 2096//1050 2092//1050
f 2089//1051 2093//1051 2095//1051 2091//1051
f 2090//1052 2092//1052 2096//1052 2094//1052
